concept	source	source_ref	category	original	familiarity	token	reference_to	idea
I The Magician	Degenerate Gamblers	https://degenerategamblers.miraheze.org/wiki/Cards	Tarot (Major Arcana)	Value 0: On play: add 2x Magic Trick Card and 1x Ace Up Your Sleeve to your draw pile. On discard: burn.	high	no	Tarot Major Arcana I The Magician	Conjures two spare tricks and an ace into the deck: adds extra cards to the pile
II The High Priestess	Degenerate Gamblers	https://degenerategamblers.miraheze.org/wiki/Cards	Tarot (Major Arcana)	Value 0: On play or on playing another card: foresight 1.	medium	no	Tarot Major Arcana II The High Priestess	Peeks at upcoming cards each time any card is placed
III The Empress	Degenerate Gamblers	https://degenerategamblers.miraheze.org/wiki/Cards	Tarot (Major Arcana)	Value 0: On play: play and lock an Ace of Hearts. On discard: burn.	medium	no	Tarot Major Arcana III The Empress	Plants a locked Ace of Hearts on the grid when placed
IV The Emperor	Degenerate Gamblers	https://degenerategamblers.miraheze.org/wiki/Cards	Tarot (Major Arcana)	Value 0: On play: lock. On bust and on stand: deal damage equal to amount busted by.	medium	no	Tarot Major Arcana IV The Emperor	Pays damage equal to how far a line overshoots
V The Hierophant	Degenerate Gamblers	https://degenerategamblers.miraheze.org/wiki/Cards	Tarot (Major Arcana)	Value 0: On play: lock. On bust and on stand: Heal equal to amount busted by.	low	no	Tarot Major Arcana V The Hierophant	Heals by the overshoot amount instead of damaging
VI The Lovers	Degenerate Gamblers	https://degenerategamblers.miraheze.org/wiki/Cards	Tarot (Major Arcana)	Value 6: On play: Choose from the following to put into your draw pile: Valentines Card, Ace of Hearts, another VI The Lovers. Cards created this way burn on discard.	high	no	Tarot Major Arcana VI The Lovers	Two adjacent cards of matching rank pair up and both gain value
VII The Chariot	Degenerate Gamblers	https://degenerategamblers.miraheze.org/wiki/Cards	Tarot (Major Arcana)	Value 0: On play: lock. At the start of next round: burn this card, and force foe to stand.	medium	no	Tarot Major Arcana VII The Chariot	A charge that forces the opponent to stand on the next line
VIII Justice	Degenerate Gamblers	https://degenerategamblers.miraheze.org/wiki/Cards	Tarot (Major Arcana)	Value 0: On play: replace all of your Jacks with Jackpot, then add a Jackpot to your draw pile. On discard: burn.	medium	no	Tarot Major Arcana VIII Justice	Turns every Jack into a Jackpot: balances face cards
IX The Hermit	Degenerate Gamblers	https://degenerategamblers.miraheze.org/wiki/Cards	Tarot (Major Arcana)	Value 0: On play: Gain 1 chip, heal 1 HP, gain 1 Shield, deal 1 Damage, and gain 1 Advantage.	medium	no	Tarot Major Arcana IX The Hermit	A card alone in its row gains a bonus
X Wheel of Fortune	Degenerate Gamblers	https://degenerategamblers.miraheze.org/wiki/Cards	Tarot (Major Arcana)	Value 0: On play: Spin the wheel of fortune and receive a gift!	high	no	Tarot Major Arcana X Wheel of Fortune	Spins a random reward: gamble card with four outcomes
XI Strength	Degenerate Gamblers	https://degenerategamblers.miraheze.org/wiki/Cards	Tarot (Major Arcana)	Value -11: Exploit while busted: hit button becomes re-enabled for one hit.	medium	no	Tarot Major Arcana XI Strength	Lets a busted line be hit once more
XII The Hanged Man	Degenerate Gamblers	https://degenerategamblers.miraheze.org/wiki/Cards	Tarot (Major Arcana)	Value 0: On play: Foresight 2, then choose one to quick discard.	medium	no	Tarot Major Arcana XII The Hanged Man	Peeks two cards and discards one: swap a hand card upside down
XIII Death	Degenerate Gamblers	https://degenerategamblers.miraheze.org/wiki/Cards	Tarot (Major Arcana)	Value 0: On play: shred 1 of 3 cards you currently have. On discard: burn.	high	no	Tarot Major Arcana XIII Death	Shreds a card permanently for a bigger effect
XIV Temperance	Degenerate Gamblers	https://degenerategamblers.miraheze.org/wiki/Cards	Tarot (Major Arcana)	Value 0: On play: Gain 2 Chips per card you currently have. On discard: Burns.	medium	no	Tarot Major Arcana XIV Temperance	Pays chips per card held: rewards moderation and a full hand
XV The Devil	Degenerate Gamblers	https://degenerategamblers.miraheze.org/wiki/Cards	Tarot (Major Arcana)	Value 0: While in play: On a winning blackjack multiply damage dealt by 6. Otherwise, at end of round take 6 damage.	high	no	Tarot Major Arcana XV The Devil	Multiplies damage on a winning line by 6 but costs health otherwise
XVI The Tower	Degenerate Gamblers	https://degenerategamblers.miraheze.org/wiki/Cards	Tarot (Major Arcana)	Value 0: On play: Lock your other played unlocked cards. If any are already locked, unlock them.	high	no	Tarot Major Arcana XVI The Tower	Flips the lock state of all other placed cards: shake-up card
XVII The Star	Degenerate Gamblers	https://degenerategamblers.miraheze.org/wiki/Cards	Tarot (Major Arcana)	Value 0: On heal: Deal quick damage equal to the amount healed.	high	no	Tarot Major Arcana XVII The Star	Turns healing into damage
XVIII The Moon	Degenerate Gamblers	https://degenerategamblers.miraheze.org/wiki/Cards	Tarot (Major Arcana)	Value 0: On play: Locks While in play: Opponent's played cards are shrouded and you deal 2x damage. Exploit: unlock. Unshroud cards this round.	high	no	Tarot Major Arcana XVIII The Moon	Hides the opponent's cards face-down and doubles your damage
XIX The Sun	Degenerate Gamblers	https://degenerategamblers.miraheze.org/wiki/Cards	Tarot (Major Arcana)	Value 0: On Play: Wish for a card from your draw pile, then foresight 1. Deal damage equal to the value of the revealed card.	high	no	Tarot Major Arcana XIX The Sun	Reveals a card and deals damage equal to it
XX Judgment	Degenerate Gamblers	https://degenerategamblers.miraheze.org/wiki/Cards	Tarot (Major Arcana)	Value 0: On play: add a fresh copy of one of your burned cards to your discard pile.	medium	no	Tarot Major Arcana XX Judgement	Brings back a burned card from the graveyard
XXI The World	Degenerate Gamblers	https://degenerategamblers.miraheze.org/wiki/Cards	Tarot (Major Arcana)	Value 0: On play: Lock On stand: Put a random tarot card into your draw pile.	medium	no	Tarot Major Arcana XXI The World	Finishing card that seeds a random tarot card into the deck
0 The Fool	Degenerate Gamblers	https://degenerategamblers.miraheze.org/wiki/Cards	Tarot (Major Arcana)	Value 0: On play: Swap played and discarded cards with foe.	high	no	Tarot Major Arcana 0 The Fool	Swaps your board with the opponent's
5 of Cups	Degenerate Gamblers	https://degenerategamblers.miraheze.org/wiki/Cards	Tarot (Minor Arcana)	Value 5: On play: foe gains 5 shield.	medium	no	Tarot Minor Arcana 5 of Cups (disappointment)	Deliberately bad card that gives the foe a shield
5 of Wands	Degenerate Gamblers	https://degenerategamblers.miraheze.org/wiki/Cards	Tarot (Minor Arcana)	Value 5: On play: take 5 damage.	medium	no	Tarot Minor Arcana 5 of Wands (conflict)	Deliberately bad card that hurts the player
5 of Pentacles	Degenerate Gamblers	https://degenerategamblers.miraheze.org/wiki/Cards	Tarot (Minor Arcana)	Value 5: On play: lose 5 chips.	medium	no	Tarot Minor Arcana 5 of Pentacles (hardship)	Deliberately bad card that costs chips
5 of Swords	Degenerate Gamblers	https://degenerategamblers.miraheze.org/wiki/Cards	Tarot (Minor Arcana)	Value 0: On play: +5 Value.	medium	no	Tarot Minor Arcana 5 of Swords (defeat)	Deliberately bad card that adds 5 value
The Magician I	Degenerate Gamblers	https://degenerategamblers.miraheze.org/wiki/Cards	Tarot (Inverted)	Value 0: On play: Add 2x Killer Queen and 1x Misprinted Card to your draw pile. On discard: burn.	medium	no	Tarot reversed card (inverted Magician)	Reversed version: adds bad tricks instead of good
The High Priestess II	Degenerate Gamblers	https://degenerategamblers.miraheze.org/wiki/Cards	Tarot (Inverted)	Value 0: On play: lock. Exploit: Shuffle your discarded cards into your draw pile.	medium	no	Tarot reversed card	Reversed: re-shuffles discards back into the deck
The Empress III	Degenerate Gamblers	https://degenerategamblers.miraheze.org/wiki/Cards	Tarot (Inverted)	Value 0: On play: play and lock a Negative Ace of Hearts. On discard: burn.	low	no	Tarot reversed card	Reversed: plants a Negative Ace of Hearts
The Emperor IV	Degenerate Gamblers	https://degenerategamblers.miraheze.org/wiki/Cards	Tarot (Inverted)	Value 0: On play: lock. On bust and on stand: Gain shield equal to amount busted by.	low	no	Tarot reversed card	Reversed: shield instead of damage on overshoot
The Hierophant V	Degenerate Gamblers	https://degenerategamblers.miraheze.org/wiki/Cards	Tarot (Inverted)	Value 0: On play: lock. On bust and on stand: Gain chips equal to amount busted by.	low	no	Tarot reversed card	Reversed: chips instead of healing on overshoot
The Lovers VI	Degenerate Gamblers	https://degenerategamblers.miraheze.org/wiki/Cards	Tarot (Inverted)	Value -6: On play: Set both max scores to 21, set card values to their base value, then burn all cards created this encounter.	low	no	Tarot reversed card	Reversed: resets both sides to standard
The Chariot VII	Degenerate Gamblers	https://degenerategamblers.miraheze.org/wiki/Cards	Tarot (Inverted)	Value 0: On play: instant tie, gain 21 shield, then lock. At the start of the next round, burn this card, then stand.	low	no	Tarot reversed card	Reversed: forces a tie and gives shield
Justice VIII	Degenerate Gamblers	https://degenerategamblers.miraheze.org/wiki/Cards	Tarot (Inverted)	Value 0: On play: Transform all of your Jacks to random Kings. On discard: burn.	low	no	Tarot reversed card	Reversed: turns Jacks into Kings
The Hermit IX	Degenerate Gamblers	https://degenerategamblers.miraheze.org/wiki/Cards	Tarot (Inverted)	Value 9: On play: burn all other currently played cards, then stand.	low	no	Tarot reversed card	Reversed: burns other cards and stands
Wheel of Fortune X	Degenerate Gamblers	https://degenerategamblers.miraheze.org/wiki/Cards	Tarot (Inverted)	Value 0: On play or Exploit: burn another random played card, then play any card from your draw pile.	medium	no	Tarot reversed card	Reversed: burns a random card and plays any from the deck
Strength XI	Degenerate Gamblers	https://degenerategamblers.miraheze.org/wiki/Cards	Tarot (Inverted)	Value 11: On play: Deal 11 damage, then stand.	low	no	Tarot reversed card	Reversed: big damage then stand
The Hanged Man XII	Degenerate Gamblers	https://degenerategamblers.miraheze.org/wiki/Cards	Tarot (Inverted)	Value 0: On play or Exploit: burn a discarded card, then move a discarded card to your draw pile.	low	no	Tarot reversed card	Reversed: digs a card out of the discard
Death XIII	Degenerate Gamblers	https://degenerategamblers.miraheze.org/wiki/Cards	Tarot (Inverted)	Value 0: On play: adds fresh copies of every card in your draw pile, to your draw pile. On discard: burn.	medium	no	Tarot reversed card	Reversed: doubles the deck
Temperance XIV	Degenerate Gamblers	https://degenerategamblers.miraheze.org/wiki/Cards	Tarot (Inverted)	Value 0: On play: Lose 14 Chips. Deal 14 damage if you have fewer than 140 chips.	low	no	Tarot reversed card	Reversed: pay chips for damage
The Devil XV	Degenerate Gamblers	https://degenerategamblers.miraheze.org/wiki/Cards	Tarot (Inverted)	Value 0: On play: lock On tie: Deal 6 damage.	medium	no	Tarot reversed card	Reversed: deals damage on a tie
The Tower XVI	Degenerate Gamblers	https://degenerategamblers.miraheze.org/wiki/Cards	Tarot (Inverted)	Value 0: Lock the next card you play this round.	medium	no	Tarot reversed card	Reversed: locks only the next card played
The Star XVII	Degenerate Gamblers	https://degenerategamblers.miraheze.org/wiki/Cards	Tarot (Inverted)	Value 0: On taking damage: Heal 3 hp.	medium	no	Tarot reversed card	Reversed: heals when damaged
The Moon XVIII	Degenerate Gamblers	https://degenerategamblers.miraheze.org/wiki/Cards	Tarot (Inverted)	Value 0: On play: lock. You play cards face down and deal 2x damage. Exploit: unlock. Unshroud your cards this round.	medium	no	Tarot reversed card	Reversed: you play face-down and deal double
The Sun XIX	Degenerate Gamblers	https://degenerategamblers.miraheze.org/wiki/Cards	Tarot (Inverted)	Value 0: On play: Move a card from your foe's draw pile to the top of your draw pile.	medium	no	Tarot reversed card	Reversed: steals the top card of the foe's deck
Judgment XX	Degenerate Gamblers	https://degenerategamblers.miraheze.org/wiki/Cards	Tarot (Inverted)	Value 0: On play: Play a random card that has on discard burn.	low	no	Tarot reversed card	Reversed: plays a random burning card
The World XXI	Degenerate Gamblers	https://degenerategamblers.miraheze.org/wiki/Cards	Tarot (Inverted)	Value 0: On play: lock. On stand: Add a random reversed Tarot card to your draw pile.	low	no	Tarot reversed card	Reversed: seeds a reversed tarot card into the deck
The Fool 0	Degenerate Gamblers	https://degenerategamblers.miraheze.org/wiki/Cards	Tarot (Inverted)	Value 0: On play: Add a fresh copy of another random played card to your hand.	medium	no	Tarot reversed card	Reversed: copies another played card into your hand
Jack of [Suit]	Degenerate Gamblers	https://degenerategamblers.miraheze.org/wiki/Cards	Face Card	Standard Jack worth 10; on a winning blackjack applies its suit effect (Hearts heal, Clubs damage, Spades shield, Diamonds chips, Nothings none)	high	yes	Standard playing-card Jack	A plain Jack whose suit pays a different resource when its line scores
Queen of [Suit]	Degenerate Gamblers	https://degenerategamblers.miraheze.org/wiki/Cards	Face Card	Standard Queen worth 10; on a winning blackjack applies its suit effect (Hearts heal, Clubs damage, Spades shield, Diamonds chips, Nothings none)	high	yes	Standard playing-card Queen	A plain Queen whose suit pays a different resource when its line scores
King of [Suit]	Degenerate Gamblers	https://degenerategamblers.miraheze.org/wiki/Cards	Face Card	Standard King worth 10; on a winning blackjack applies its suit effect (Hearts heal, Clubs damage, Spades shield, Diamonds chips, Nothings none)	high	yes	Standard playing-card King	A plain King whose suit pays a different resource when its line scores
Jack of All Trades	Degenerate Gamblers	https://degenerategamblers.miraheze.org/wiki/Cards	Face Card	Value 10: Has the effect of all four suits at once.	high	no	Idiom: Jack of all trades (master of none)	Face card whose line counts every suit at once
Jack in a Box	Degenerate Gamblers	https://degenerategamblers.miraheze.org/wiki/Cards	Face Card	Value 10: Exploit: Close the box setting value to 0. If already closed then open the box, setting this card's value to 10 of a random suit	high	no	Jack-in-the-box toy	A card that pops open and randomises its rank or suit when triggered
Jackhammer of Clubs	Degenerate Gamblers	https://degenerategamblers.miraheze.org/wiki/Cards	Face Card	Value 10: Exploit: Deal 5 damage then burn	high	no	Jackhammer pun on Jack + Clubs suit	Clubs Jack that deals burst damage then burns
Jumping Jack	Degenerate Gamblers	https://degenerategamblers.miraheze.org/wiki/Cards	Face Card	Value 10: On hit or Exploit: move to opponent's side	high	no	Jumping jack exercise	A card that hops to the neighbour's grid
Jack and the Beanstalk	Degenerate Gamblers	https://degenerategamblers.miraheze.org/wiki/Cards	Face Card	Value 10: On stand: Rounds up 2 times. On bust limit exceeded: Take 5 Damage and halve the value of this card.	high	no	Fairy tale Jack and the Beanstalk	Grows taller each line and may shrink when it goes over
Monterey Jack	Degenerate Gamblers	https://degenerategamblers.miraheze.org/wiki/Cards	Face Card	Value 10: Exploit: Heal 1 HP and shred. On stand: permanent +2 . to the exploit heal.	high	no	Monterey Jack cheese (also a Rescue Rangers mouse)	Cheese: a consumable that slowly grows its payout
Jackpot	Degenerate Gamblers	https://degenerategamblers.miraheze.org/wiki/Cards	Face Card	Value 10: On Play, Exploit, or Stand: Create a random Jack to your draw pile.	high	no	Slot-machine jackpot	Spawns more Jacks when triggered
Magic Trick Card	Degenerate Gamblers	https://degenerategamblers.miraheze.org/wiki/Cards	Face Card	Value 10: On play: Choose to change this card to either a Queen of Diamonds or a 7 of Spades	high	no	Magician's trick card	Choose between two outcomes like a forced card trick
Queen of Music	Degenerate Gamblers	https://degenerategamblers.miraheze.org/wiki/Cards	Face Card	Value 10: Exploit: Add 1 token. If there are already 2 tokens, instant blackjack, then remove all tokens.	medium	no	Music suit/queen pun (card suit of music)	Counts taps, then jumps to max score
Queen of Chess	Degenerate Gamblers	https://degenerategamblers.miraheze.org/wiki/Cards	Face Card	Value 10: Exploit: Move to opponent’s play pile, then lock. At the start of next round: Unlock.	high	no	Chess queen	Moves onto the opponent's board then locks until next round
Queen of Wonderland	Degenerate Gamblers	https://degenerategamblers.miraheze.org/wiki/Cards	Face Card	Value 10: On play: Halve the value of a played card.	high	no	Queen of Hearts from Alice in Wonderland	Halves a card: off with its rank
Killer Queen	Degenerate Gamblers	https://degenerategamblers.miraheze.org/wiki/Cards	Face Card	Value 10: On play: burn any other played card, then +2 value to this card.	medium	no	Song by Queen (also JoJo stand)	Burns any other played card then grows
Queen of the Stone Age	Degenerate Gamblers	https://degenerategamblers.miraheze.org/wiki/Cards	Face Card	Value 10: On anyone playing a card worth 3 or 7: Deal 3 Damage.	medium	no	Band Queens of the Stone Age	Punishes any 3 or 7 played
Dancing Queen	Degenerate Gamblers	https://degenerategamblers.miraheze.org/wiki/Cards	Face Card	Value 10: On hit or Exploit: Changes card value in the order: 10, 11, 10, 9, 10.	high	no	Song by ABBA	Rank oscillates 10, 11, 10, 9, 10 each hit
Queen of Drag	Degenerate Gamblers	https://degenerategamblers.miraheze.org/wiki/Cards	Face Card	Value 10: On play: Create a random Queen, add her to your hand and set her value to 11	high	no	Drag queen culture	Creates a random Queen and sets it to 11
King of Gold	Degenerate Gamblers	https://degenerategamblers.miraheze.org/wiki/Cards	Face Card	Value 10: On playing another card: +1 Value to that card and change its suit to Diamonds.	medium	no	Gold king; Kings of suit of coins	Turns cards played after it into Diamonds with +1
King of the Hill	Degenerate Gamblers	https://degenerategamblers.miraheze.org/wiki/Cards	Face Card	Value 10: On play: Instant Blackjack if this is the only Face card currently in your entire deck.	high	no	King of the Hill game and TV show	Auto-wins if it is the only face card in your deck
King of Kings	Degenerate Gamblers	https://degenerategamblers.miraheze.org/wiki/Cards	Face Card	Value 10: On play or Exploit: Halves the values of all other currently played Kings.	high	no	Title King of Kings	Halves every other King in play
King Cobra	Degenerate Gamblers	https://degenerategamblers.miraheze.org/wiki/Cards	Face Card	Value 10: On play: Take 3 damage, then deal 2 damage for every King currently in your deck.	high	no	King cobra snake	Hurts you then deals damage per King in the deck
King of Space and Time	Degenerate Gamblers	https://degenerategamblers.miraheze.org/wiki/Cards	Face Card	Value 10: Handy. On play: Move all your other played cards to your opponent's side, then stand. Can only be played if you have a Jack in play.	low	no	Invented comic/sci-fi title	Shoves your cards over to the foe's side
Kingmaker	Degenerate Gamblers	https://degenerategamblers.miraheze.org/wiki/Cards	Face Card	Value 10: Handy. On play: Choose another one of your played cards to turn into a random King.	high	no	Political term kingmaker	Transforms a played card into a random King
King of the World	Degenerate Gamblers	https://degenerategamblers.miraheze.org/wiki/Cards	Face Card	Value 10: On play: Burn ALL other Face cards.	high	no	Titanic film line I am the king of the world	Burns every other face card
Master of One	Degenerate Gamblers	https://degenerategamblers.miraheze.org/wiki/Cards	Face Card	Value 10: On hit: Play a One of a random suit. Then play another one to your foe's side.	high	no	Idiom: jack of all trades master of none	Plays a One for you and one for the foe
Rules Card	Degenerate Gamblers	https://degenerategamblers.miraheze.org/wiki/Cards	Special Card	Value 0: On play: Choose to set either max score to 20 or 22 for this encounter.	high	no	Rules card included in board and card games	Change the target score of the round
Double Back Card	Degenerate Gamblers	https://degenerategamblers.miraheze.org/wiki/Cards	Special Card	Value 0: Exploit: Has no effect.	low	no	Possible Double Back (Uno-style reverse) reference	Card that does nothing when used: a joke blank
Blank Card	Degenerate Gamblers	https://degenerategamblers.miraheze.org/wiki/Cards	Special Card	Value 0: On 1st play: Set value between 1 and 11.	high	no	Blank cards in card games (Uno, Cards Against Humanity)	Blank card you write your own rank on
Joker	Degenerate Gamblers	https://degenerategamblers.miraheze.org/wiki/Cards	Special Card	Value 0: On play: Copy the value and suit of one of your discarded cards.	high	no	Playing-card Joker	Copies the suit and rank of a discarded card
Ace Up Your Sleeve	Degenerate Gamblers	https://degenerategamblers.miraheze.org/wiki/Cards	Special Card	Value 11: Flexible: 11 or 1. On play: Add an Ace of a random suit to your hand.	high	no	Idiom: ace up your sleeve (hidden advantage)	Brings an extra ace to your hand
Ace in the Hole	Degenerate Gamblers	https://degenerategamblers.miraheze.org/wiki/Cards	Special Card	Value 1: Handy. Flexible (-1 or 1). Can only be played while exactly 1 above or below max score. On stand: if this card is in your hand, take 1 damage.	high	no	Idiom and poker term: ace in the hole	Hidden card that only plays one away from the limit
Heart of Threes	Degenerate Gamblers	https://degenerategamblers.miraheze.org/wiki/Cards	Special Card	Value 3: On hit: If you already have a score of at least 18, heal 3 HP.	medium	no	Suit-and-number pun on Hearts	Suit-themed 3 that pays off at high score
Club of Fours	Degenerate Gamblers	https://degenerategamblers.miraheze.org/wiki/Cards	Special Card	Value 4: On hit: If you already have a score of at least 17, deal 4 damage.	medium	no	Suit-and-number pun on Clubs	Suit-themed 4 that pays off at high score
Spade of Fives	Degenerate Gamblers	https://degenerategamblers.miraheze.org/wiki/Cards	Special Card	Value 5: On hit: If you already have a score of at least 16, gain 5 shield.	medium	no	Suit-and-number pun on Spades	Suit-themed 5 that pays off at high score
Diamond of Sixes	Degenerate Gamblers	https://degenerategamblers.miraheze.org/wiki/Cards	Special Card	Value 6: On hit: If you already have a score of at least 15, gain 6 chips.	medium	no	Suit-and-number pun on Diamonds	Suit-themed 6 that pays off at high score
Misprinted Card	Degenerate Gamblers	https://degenerategamblers.miraheze.org/wiki/Cards	Special Card	Value 6: On play: Set value to 6, then add a 7 of Spades to your hand. On stand: rounds up.	high	no	Misprinted trading cards (TCG error card)	Card that is wrong on purpose and leaves a bonus
AI Generated Card	Degenerate Gamblers	https://degenerategamblers.miraheze.org/wiki/Cards	Special Card	Value 0: On play: Randomly sets value and suit. Exploit: Add a fresh copy of this card to your foe's side.	high	no	Generative AI art	Random rank and suit that can be copied to the foe
Get Out of Jail Free Card	Degenerate Gamblers	https://degenerategamblers.miraheze.org/wiki/Cards	Special Card	Value 0: Handy. On play: Instant Draw. On discard: burn.	high	no	Monopoly card	Dodge a penalty: instant draw, then burns
+2 Card	Degenerate Gamblers	https://degenerategamblers.miraheze.org/wiki/Cards	Special Card	Value 2: On play: Play foe's top two cards. On discard: Discards to foe's discard pile.	high	no	Uno Draw Two card	Plays the opponent's top two cards
Reverse Card	Degenerate Gamblers	https://degenerategamblers.miraheze.org/wiki/Cards	Special Card	Value 1: On play: Swap who hits first. On Discard: Burn.	high	no	Uno Reverse card	Reverses turn order for the next line
Card Sleeve	Degenerate Gamblers	https://degenerategamblers.miraheze.org/wiki/Cards	Special Card	Value 0: On play: Lock any of your played cards, then burn this card.	high	no	Trading card sleeve	Locks a card in place to protect it
Baseball Card	Degenerate Gamblers	https://degenerategamblers.miraheze.org/wiki/Cards	Special Card	Value 10: On discard: permanent -1 value. When value is 0: Shred this card, then permanently add a Card Sleeve and an Old Baseball Card to your deck and discard pile.	high	no	Baseball trading card	Loses value with each discard and eventually becomes a collectable
Old Baseball Card	Degenerate Gamblers	https://degenerategamblers.miraheze.org/wiki/Cards	Special Card	Value 0: On play: Gain 10 advantage. On discard: burn.	high	no	Vintage baseball card	Rare collectable that grants a big bonus
Trap Card	Degenerate Gamblers	https://degenerategamblers.miraheze.org/wiki/Cards	Special Card	Value 6: On taking damage: Deal matching quick damage.	high	no	Yu-Gi-Oh trap card	Hidden card that strikes back when you take damage
Dark Mage	Degenerate Gamblers	https://degenerategamblers.miraheze.org/wiki/Cards	Special Card	Value 5: Handy. On play: Burn one of your played cards that has a value of 7 or higher.	low	no	Yu-Gi-Oh Dark Magician-style mage	Burns a high card you have placed
Charred Lizard	Degenerate Gamblers	https://degenerategamblers.miraheze.org/wiki/Cards	Special Card	Value 10: On play: Choose to keep in play or sell to foe's discard pile for 10 chips.	medium	no	Fried lizard joke; Charizard pun on the famous Pokemon TCG card	Pokemon-card pun that you can sell for chips
Dark Flower	Degenerate Gamblers	https://degenerategamblers.miraheze.org/wiki/Cards	Special Card	Value 9: Exploit: Play three halves of a chosen suit, then discard this card. These halves burn on discard.	low	no		Plants three half cards of a chosen suit
Booster Pack	Degenerate Gamblers	https://degenerategamblers.miraheze.org/wiki/Cards	Special Card	Value 5: On play: Add five random cards to your hand. One of them will be a Foil.	high	no	Trading card game booster pack	Opens into extra random cards including a foil
Four Mana Seven Seven	Degenerate Gamblers	https://degenerategamblers.miraheze.org/wiki/Cards	Special Card	Value 2: Start of turn: If you haven't exceeded your bust limit, play a 4 of Clubs. Then play a 7 of Clubs to your foe's side.	low	no	Magic the Gathering 4-mana 7/7 creature joke	Free value: plays a 4 of Clubs for you and a 7 to the foe
Gerald from Riviera	Degenerate Gamblers	https://degenerategamblers.miraheze.org/wiki/Cards	Special Card	Value 3: On play: Burn one of your foe's played cards. On discard: burn.	medium	no	Geralt of Rivia from The Witcher	Burns one of the foe's cards
Terminate the Tower	Degenerate Gamblers	https://degenerategamblers.miraheze.org/wiki/Cards	Special Card	Value 4: On play: Play one of four unique cards: Break Limits, Sweep the Leg, Scratch, or Expulsion.	low	no		Plays one of four unique cards
Break Limits	Degenerate Gamblers	https://degenerategamblers.miraheze.org/wiki/Cards	Special Card	Value 1: On play: Double the value of a played card for this encounter.	medium	no	Anime or game trope breaking limits	Doubles the rank of a played card
Sweep the Leg	Degenerate Gamblers	https://degenerategamblers.miraheze.org/wiki/Cards	Special Card	Value 3: On play: Set foe's max score to 20 and set yours to 22 for this encounter. On discard: burn.	medium	no	Karate Kid Sweep the leg	Changes the target score for both players
Scratch	Degenerate Gamblers	https://degenerategamblers.miraheze.org/wiki/Cards	Special Card	Value 2: On play: Deal 3 damage. Increase the damage of all of your scratch cards by 2 this encounter.	medium	no	Scratch game mechanic or Scratch-off ticket	Scratch hits grow each time
Expulsion	Degenerate Gamblers	https://degenerategamblers.miraheze.org/wiki/Cards	Special Card	Value 0: Deal and take 2x more damage.	medium	no	Expelled from a casino or school	Deal and take double damage
Proxy Card	Degenerate Gamblers	https://degenerategamblers.miraheze.org/wiki/Cards	Special Card	Value 0: At start of encounter: transform this card into another card.	medium	no	Proxy cards in trading card games	Stand-in card that becomes another card at start of encounter
Jimbo	Degenerate Gamblers	https://degenerategamblers.miraheze.org/wiki/Cards	Special Card	Value 4: You can play a max of 5 cards. On stand: Gain 4 chips for each of your played cards.	low	no	Balatro default Joker Jimbo	Limit of five cards in play, pays chips per card
Whale Card	Degenerate Gamblers	https://degenerategamblers.miraheze.org/wiki/Cards	Special Card	Value 10: On play: Lose 21 chips, then deal 5 damage.	high	no	Casino whale (big spender)	Pay a large sum for big damage
Lightning of the 4th Kingdom	Degenerate Gamblers	https://degenerategamblers.miraheze.org/wiki/Cards	Special Card	Value 11: On play: Foresight 1. Deal 5 damage if the revealed card has a value less than 6.	low	no		Peeks then deals damage if the revealed card is low
Treasure Vault	Degenerate Gamblers	https://degenerategamblers.miraheze.org/wiki/Cards	Special Card	Value 5: On gaining chips: Add 1 token. On winning with max score: If there are 5 or more tokens, remove all tokens, and count Diamonds as Everything for this Blackjack.	high	no	Bank vault and treasure vaults	Stores tokens and upgrades Diamonds
Rain Man	Degenerate Gamblers	https://degenerategamblers.miraheze.org/wiki/Cards	Special Card	Value 11: On hit: Deal damage equal to your number of played cards, then discard. On stand: Gain shield equal to your number of played cards.	high	no	Rain Man film (card counting)	Counts the number of played cards and converts to shield or damage
Birthday Card	Degenerate Gamblers	https://degenerategamblers.miraheze.org/wiki/Cards	Special Card	Value 0: On play: Permanently rounds up. On stand: Add 5x Booster Pack to your hand if this card's value is at least 21. On discard: Burn if this card's value is at least 21.	high	no	Birthday greeting card	Grows until 21 then opens a stack of packs
Get Well Soon Card	Degenerate Gamblers	https://degenerategamblers.miraheze.org/wiki/Cards	Special Card	Value 5: On play: Lock. On taking damage: add 1 token. If there are already 2 tokens, Heal 10 HP and unlock, then remove all tokens.	high	no	Get well soon greeting card	Heals after you take damage twice
Valentines Card	Degenerate Gamblers	https://degenerategamblers.miraheze.org/wiki/Cards	Special Card	Value 14: On play: Heal both players 14 HP. On discard: burn.	high	no	Valentine's Day card	Heals both players
Credit Card	Degenerate Gamblers	https://degenerategamblers.miraheze.org/wiki/Cards	Special Card	Value 10: Handy. On discard: Play a Negative 11 of Diamonds.	high	no	Real-world credit card	Borrow chips now and pay later by giving a negative card
Credit Card Knife	Degenerate Gamblers	https://degenerategamblers.miraheze.org/wiki/Cards	Special Card	Value 10: Exploit: Lose 10 chips. Deal 5 damage. Increase the chip cost for this card by 10.	medium	no	Lockpicking with a credit card	Pays chips for damage with a rising cost
Lockpicking Card	Degenerate Gamblers	https://degenerategamblers.miraheze.org/wiki/Cards	Special Card	Value 10: Exploit: Unlock every locked card in play, then quick discard them.	medium	no	Lockpicking	Unlocks every locked card in play
Key Card	Degenerate Gamblers	https://degenerategamblers.miraheze.org/wiki/Cards	Special Card	Value 0: On play: Choose one of your foe's played cards to lock. If it is already locked, unlock it.	high	no	Hotel key card	Locks or unlocks an opposing card
Kanban Card	Degenerate Gamblers	https://degenerategamblers.miraheze.org/wiki/Cards	Special Card	Value 2: On play: Move 1 of the bottom 3 cards from your draw pile to your hand.	medium	no	Kanban board card	Pulls a card from the bottom of the deck
Loyalty Card	Degenerate Gamblers	https://degenerategamblers.miraheze.org/wiki/Cards	Special Card	Value 0: On play or exploit: Permanently gain a stamp. On the 10th stamp: Instant blackjack, then resets stamps.	high	no	Stamp loyalty card	Collect stamps: tenth stamp is free win
Trump Card	Degenerate Gamblers	https://degenerategamblers.miraheze.org/wiki/Cards	Special Card	Value 0: Handy. On Stand: Instant blackjack. On discard, shred this card.	high	no	Trump card (bridge and Whist)	Instant win on stand
Official Trump Card	Degenerate Gamblers	https://degenerategamblers.miraheze.org/wiki/Cards	Special Card	Value 0: Handy. On play: Set value between 1 and 11. Lose 5x that many chips.	medium	no	Political trump joke	Choose a value but pay chips for it
Memory Card	Degenerate Gamblers	https://degenerategamblers.miraheze.org/wiki/Cards	Special Card	Value 8: On 1st play: Choose a card that you currently have. On stand: Add a fresh copy of that card to your draw pile.	high	no	Console memory card	Saves a copy of one of your cards to bring back later
Scratchcard	Degenerate Gamblers	https://degenerategamblers.miraheze.org/wiki/Cards	Special Card	Value 0: On play: Reveal 1, 2 or 3 random numbers from 1 to 9. Set value to the total and gain that many chips.	high	no	Scratch-off lottery ticket	Reveal numbers and gain chips equal to total
Time Card	Degenerate Gamblers	https://degenerategamblers.miraheze.org/wiki/Cards	Special Card	Value 0: On play or Exploit: While you have a played card worth a 9 or 5: gain 10 chips.	medium	no	Timesheet punch card	Pays chips while a 9 or 5 is in play (nine-to-five)
Hall Pass	Degenerate Gamblers	https://degenerategamblers.miraheze.org/wiki/Cards	Special Card	Value 1: On play or Exploit: Foresight 1.	high	no	School hall pass	Quick peek at the next card
Business Card	Degenerate Gamblers	https://degenerategamblers.miraheze.org/wiki/Cards	Special Card	Value 0: On play: Swap this card with one of your foe's played cards.	high	no	Business card exchange	Swap your card with one of the foe's
Cue Card	Degenerate Gamblers	https://degenerategamblers.miraheze.org/wiki/Cards	Special Card	Value 0: On play: Move any of your played or discarded cards to the bottom of your draw pile.	medium	no	Actor's cue card	Moves a card to the bottom of the deck
Blood Donor Card	Degenerate Gamblers	https://degenerategamblers.miraheze.org/wiki/Cards	Special Card	Value 0: On play: lock. On playing a Heart worth 1 or more: -1 from it's value for this encounter and heal 1 HP.	medium	no	Blood donor card	Trades Hearts value for healing
SD Card	Degenerate Gamblers	https://degenerategamblers.miraheze.org/wiki/Cards	Special Card	Value 1: On play: Move top card from draw pile to your hand, then lock this card. Unlocks when the drawn card is played.	high	no	SD memory card	Loads the top card into your hand then locks
Social Security Card	Degenerate Gamblers	https://degenerategamblers.miraheze.org/wiki/Cards	Special Card	Value 0: Handy. On play: Adds a fresh copy of your foe's currently played cards into your draw pile. On discard: burn.	medium	no	US Social Security card	Copies the foe's cards into your deck
Green Card	Degenerate Gamblers	https://degenerategamblers.miraheze.org/wiki/Cards	Special Card	Value 13: On play: Move one of your played or discarded cards to the top of your foe's draw pile.	medium	no	US green card (residency)	Sends a card to the foe's deck
Yellow Card	Degenerate Gamblers	https://degenerategamblers.miraheze.org/wiki/Cards	Special Card	Value 1: On play: Mark one of your foe's played cards with a Yellow Card, then add a Red Card to your draw pile.	high	no	Football (soccer) yellow card	Marks a foe's card so a follow-up Red Card can burn it
Red Card	Degenerate Gamblers	https://degenerategamblers.miraheze.org/wiki/Cards	Special Card	Value 2: On play: Burn any of your foe's played cards that are marked with a Yellow Card. On discard: burn.	high	no	Football (soccer) red card	Burns any card marked with a Yellow Card
Insurance Card	Degenerate Gamblers	https://degenerategamblers.miraheze.org/wiki/Cards	Special Card	Value 0: Exploit:Lose 21 chips, burn your most recently played card and this card.	high	no	Insurance card	Pay a fee to undo your last play
Library Card	Degenerate Gamblers	https://degenerategamblers.miraheze.org/wiki/Cards	Special Card	Value 0: On play: Lock, then move a card from your foe's draw pile to your draw pile. Every time that card is discarded, lose 5 chips.	high	no	Library card	Borrow a card from the foe's deck
Flash Card	Degenerate Gamblers	https://degenerategamblers.miraheze.org/wiki/Cards	Special Card	Value 0: On play: Randomly selects a number [1-10]. Exploit:Set value to the selected number.	high	no	Study flash card	Shows a number and lets you pick it
Transit Card	Degenerate Gamblers	https://degenerategamblers.miraheze.org/wiki/Cards	Special Card	Value 3: Exploit: Move any card from your draw pile to your foe's draw pile, then discard this card.	medium	no	Transit pass	Move any card from one deck to another
Leaving Card	Degenerate Gamblers	https://degenerategamblers.miraheze.org/wiki/Cards	Special Card	Value 9: Handy. On play or exploit: Quick discard all cards currently in your hand, then draw up to the same number of cards to your hand. On discard: burn.	low	no	Note or card for leaving	Discards your hand and redraws
Priceco Membership Card	Degenerate Gamblers	https://degenerategamblers.miraheze.org/wiki/Cards	Special Card	Value 12: On play: add a 12 of a random suit to your hand. Exploit: -4 value.	medium	no	Costco-style warehouse club card	Add a bulk copy of a card to hand
Blockbreaker Card	Degenerate Gamblers	https://degenerategamblers.miraheze.org/wiki/Cards	Special Card	Value 0: On stand: Lock. Add 1 token. At the start of next round: take 1 damage per token. Move to foe's side.	medium	no	Blockbuster membership card pun	Late-fee style damage each round
Communist Party Card	Degenerate Gamblers	https://degenerategamblers.miraheze.org/wiki/Cards	Special Card	Value 0: On play or exploit: Instant draw. On discard: Discards to foe's discard pile.	medium	no	Communist party membership card	Forces a draw and shares the discard with the foe
Report Card	Degenerate Gamblers	https://degenerategamblers.miraheze.org/wiki/Cards	Special Card	Value 4: On play: Gain 4 shield. If you have at least 11 shield, add an Ace of Spades to your hand. If you have at least 21 shield, make it a Foil.	high	no	School report card	Earns shield and unlocks an Ace of Spades at high shield
Fake ID	Degenerate Gamblers	https://degenerategamblers.miraheze.org/wiki/Cards	Special Card	Value 0: Exploit: Lose 21 chips. Permanently transform into Your Fake ID.	high	no	Fake ID	Pay a large fee to transform into a stronger ID
Your Fake ID	Degenerate Gamblers	https://degenerategamblers.miraheze.org/wiki/Cards	Special Card	Value 0: Before taking damage: Gain shield equal to incoming damage. Permanently transform into Fake ID. Burn	medium	no	Fake ID	Turns incoming damage into shield
Gold Card	Degenerate Gamblers	https://degenerategamblers.miraheze.org/wiki/Cards	Special Card	Value 10: On Playing a Diamond: Steal 10 chips from your foe. Deal 3 damage.	high	no	Premium gold credit card	Steal chips when you play a Diamond
Throwing Card	Degenerate Gamblers	https://degenerategamblers.miraheze.org/wiki/Cards	Special Card	Value 11: Flexible [11 or 1]. On play: Deal damage equal to your shield, then move this card to your foe's side.	high	no	Throwing cards (magic trick / Gambit)	Hurls shield as damage then moves across
Fingerprint Card	Degenerate Gamblers	https://degenerategamblers.miraheze.org/wiki/Cards	Special Card	Value 5: On play and exploit:exploit all of your played cards that have exploit (does not cost Advantage).	medium	no	Fingerprint card (police)	Triggers all Exploits without cost
Rorschach Card	Degenerate Gamblers	https://degenerategamblers.miraheze.org/wiki/Cards	Special Card	Value 0: On stand: your foe stands.	medium	no	Rorschach inkblot test (and Watchmen)	Makes the foe stand when played
Radiation Detector	Degenerate Gamblers	https://degenerategamblers.miraheze.org/wiki/Cards	Special Card	Value 13: On play: Take 2 damage, then turn a random card from foe's played cards into a Radiation Detector and unlock it.	medium	no	Geiger counter	Spreads to foe's cards, hurting you
Vaccination Card	Degenerate Gamblers	https://degenerategamblers.miraheze.org/wiki/Cards	Special Card	Value 3: On taking damage: Add 1 token. On Stand: Gain 3 shield per token and remove all tokens.	high	no	COVID vaccination card	Stores damage as shield
RSVP Card	Degenerate Gamblers	https://degenerategamblers.miraheze.org/wiki/Cards	Special Card	Value 8: On stand: Deal 8 damage if your foe has not stood.	high	no	RSVP party invitation	Hits if the foe hasn't stood in time
The Agile Agenda	Degenerate Gamblers	https://degenerategamblers.miraheze.org/wiki/Cards	Special Card	Value 1: On play: If value is 21 or more, permanently set value to 1. On exploit: Lose chips equal to value squared, deal damage equal to value, then permanently set value to next Fibonacci number	low	no	Agile software development	Grows by Fibonacci each trigger
Bounce Card	Degenerate Gamblers	https://degenerategamblers.miraheze.org/wiki/Cards	Special Card	Value 0: Handy. On play or exploit: move a random card from your played cards into your hand. On discard: burn.	medium	no	Bouncing a card in hand	Moves a played card back to hand
Calamari Game Card	Degenerate Gamblers	https://degenerategamblers.miraheze.org/wiki/Cards	Special Card	Value 0: On play or exploit: take 3 damage. Deal 3 damage. On foe defeated: Gain 100 chips.	high	no	Squid Game (Netflix)	Deal and take damage, big reward on victory
Bat Credit Card	Degenerate Gamblers	https://degenerategamblers.miraheze.org/wiki/Cards	Special Card	Value 10: On play or exploit: steal 10 chips from your foe. If they have fewer than 10 chips, deal 5 damage instead.	medium	no	Batman (Wayne Enterprises)	Steals chips from the foe
Fight Club	Degenerate Gamblers	https://degenerategamblers.miraheze.org/wiki/Cards	Special Card	Value 1: On Play: Lock. On Stand: Take 1 damage. Deal 1 damage.	high	no	Fight Club film	Both take damage each round
Licence to Kill	Degenerate Gamblers	https://degenerategamblers.miraheze.org/wiki/Cards	Special Card	Value 7: On Gaining Chips: Deal 3 damage.	high	no	James Bond film Licence to Kill	Deals damage whenever you gain chips
Card Number 52	Degenerate Gamblers	https://degenerategamblers.miraheze.org/wiki/Cards	Special Card	Value 2: On losing Chips: Deal 5 damage.	medium	no	Fifty-two cards in a deck and the 52nd card	Deals damage when you lose chips
Wild Card	Degenerate Gamblers	https://degenerategamblers.miraheze.org/wiki/Cards	Special Card	Value 0: Handy. On play: change the value of this card to match the top card in your discard pile.	high	no	Wild card in Uno and other games	Takes the value of the top discard
Cardecu	Degenerate Gamblers	https://degenerategamblers.miraheze.org/wiki/Cards	Special Card	Value 25: On play: gain chips equal to the value of this card.	low	no	Pun on card plus ecu coin	Converts its rank to chips
Four of a Kind	Degenerate Gamblers	https://degenerategamblers.miraheze.org/wiki/Cards	Special Card	Value 0: On play: play a card from each suit, each with the same random value from 1-3. On discard: burn.	high	no	Poker hand four of a kind	Plays one of each suit at a random low rank
Non-Fungible Card	Degenerate Gamblers	https://degenerategamblers.miraheze.org/wiki/Cards	Special Card	Value 12: On hit: reduce value by a random number between 1 and 3. Cannot be reduced under 1. On Stand: Gain chips equal to value.	high	no	NFT (non-fungible token)	Decays but pays chips each stand
Glitched Card	Degenerate Gamblers	https://degenerategamblers.miraheze.org/wiki/Cards	Special Card	Value 0: On play: copy the suit, value, and effect of a random card. On stand: unlocks.	medium	no	Glitch / MissingNo style	Copies another card's suit, rank and effect
Big 2	Degenerate Gamblers	https://degenerategamblers.miraheze.org/wiki/Cards	Special Card	Value 12: Flexible [12 or 2]. On play or exploit: transform all played cards with a value of 2 into Big 2.	medium	no	Big Two card game	Turns 2s into high 2s
Lucky Seven	Degenerate Gamblers	https://degenerategamblers.miraheze.org/wiki/Cards	Special Card	Value 7: On Play: Set value to 7. On stand: if you have at least three cards with a value of 7 in play, gain 77 chips and deal 7 damage.	high	no	Slot machine lucky seven	Three sevens in play give a jackpot
The Victim Card	Degenerate Gamblers	https://degenerategamblers.miraheze.org/wiki/Cards	Special Card	Value -1: On taking damage: +1 value to all foe's played cards.	medium	no	Victim card (playing the victim)	Boosts foe's cards when you are damaged
Dis-Card	Degenerate Gamblers	https://degenerategamblers.miraheze.org/wiki/Cards	Special Card	Value 0: On play: Quick discard any played card.	medium	no	Discard pun	Discards any played card
Gravecard	Degenerate Gamblers	https://degenerategamblers.miraheze.org/wiki/Cards	Special Card	Value 0: On play: Set value to a random value from 6 to 10. Exploit: Set value to a random value from 1 to 5.	medium	no	Graveyard pun	Sets a random mid or low value
Cardiovascular Exercise	Degenerate Gamblers	https://degenerategamblers.miraheze.org/wiki/Cards	Special Card	Value 0: On play: take 2 damage, gain 5 shield.	medium	no	Cardio pun	Take damage to gain shield
Carduus acanthoides	Degenerate Gamblers	https://degenerategamblers.miraheze.org/wiki/Cards	Special Card	Value 2: On stand: rounds up. On taking damage: deal quick damage equal to the value of this card.	low	no	Plumeless thistle (card pun on carding)	Returns damage equal to its value
Plate of Escardgot	Degenerate Gamblers	https://degenerategamblers.miraheze.org/wiki/Cards	Special Card	Value 7: On play: Rounds up. On hit while worth at least 1: -1 value. On Stand: gain shield equal to value.	medium	no	Escargot (snail dish) pun	Shrinks over time but gives shield
Suit Yourself	Degenerate Gamblers	https://degenerategamblers.miraheze.org/wiki/Cards	Special Card	Value 1: Exploit: change the suit of any card in your draw pile to any normal suit for this encounter.	high	no	Idiom suit yourself	Changes the suit of a card in your deck
Diamond in the Rough	Degenerate Gamblers	https://degenerategamblers.miraheze.org/wiki/Cards	Special Card	Value 0: On play: remove up to 10 shield from both players, then grant 2 chips per shield removed.	high	no	Idiom diamond in the rough	Converts shield into chips
Heart of the Cards	Degenerate Gamblers	https://degenerategamblers.miraheze.org/wiki/Cards	Special Card	Value 8: On Play: Move a card to the top of your draw pile.	medium	no	Yu-Gi-Oh heart of the cards phrase	Moves a card to the top of the deck
Steam Trading Card	Degenerate Gamblers	https://degenerategamblers.miraheze.org/wiki/Cards	Special Card	Value 7: On Play: +1 Token. If there are at least 5 Tokens, burn, and add a Foil Booster Pack to your hand. On Discard: Steal 1 chip from your foe, then discard to your foe's draw pile.	medium	no	Steam trading cards	Collect five tokens to earn a foil booster
Railroad Card	Degenerate Gamblers	https://degenerategamblers.miraheze.org/wiki/Cards	Special Card	Value 10: On Pickup: Lose 200 chips. On taking damage: Gain 10 chips. Repeat for every Railroad Card you have.	high	no	Monopoly railroad	Costs a lot to buy, pays per Railroad when hit
Gift Card	Degenerate Gamblers	https://degenerategamblers.miraheze.org/wiki/Cards	Special Card	Value 7: On Play: -3 value, then give a (Card) to your draw pile. On Discard: If value is 0 or less, lose 10 chips, set value to 10, and permanently change the gifted card to (Card).	high	no	Gift card	Shrinks and gives a gift card
Ace	Degenerate Gamblers	https://degenerategamblers.miraheze.org/wiki/Cards	Numbered Card	Standard Ace worth 11 or 1, whichever does not bust	high	yes	Playing-card Ace	Flexible rank that takes whichever value makes the best line
2-10 (standard)	Degenerate Gamblers	https://degenerategamblers.miraheze.org/wiki/Cards	Numbered Card	Standard numbered cards that behave as in real blackjack	high	yes	Standard playing cards	Plain rank cards that simply score their number
Nothings suit	Degenerate Gamblers	https://degenerategamblers.miraheze.org/wiki/Cards	Numbered Card	Fifth suit with no blackjack effect; only numbers 1-11 and Aces exist	medium	yes	Invented extra suit	A suitless card that never triggers suit bonuses but never triggers suit penalties
1	Degenerate Gamblers	https://degenerategamblers.miraheze.org/wiki/Cards	Numbered Card	A One that never becomes 11	high	yes	Playing-card one	Low-rank card locked to the bottom
11	Degenerate Gamblers	https://degenerategamblers.miraheze.org/wiki/Cards	Numbered Card	An 11 that never becomes 1	high	yes	Over-sized rank (beyond playing cards)	A rank between Jack and Queen fits a line as a stronger ten
12	Degenerate Gamblers	https://degenerategamblers.miraheze.org/wiki/Cards	Numbered Card	A plain 12	high	yes	Over-sized rank	Rank above Jack that scores more
13	Degenerate Gamblers	https://degenerategamblers.miraheze.org/wiki/Cards	Numbered Card	A plain 13; pushing it higher glitches it	high	yes	Over-sized rank (13 as King value)	Top-of-range rank with a risk when boosted
21	Degenerate Gamblers	https://degenerategamblers.miraheze.org/wiki/Cards	Numbered Card	A 21	high	yes	Blackjack's 21	Card that alone fills the target number
0	Degenerate Gamblers	https://degenerategamblers.miraheze.org/wiki/Cards	Numbered Card	A zero-value card	high	yes	Zero card	Does nothing for a line but fills a cell
Negative Ace	Degenerate Gamblers	https://degenerategamblers.miraheze.org/wiki/Cards	Numbered Card	Flexible -1 or -11 Ace	medium	yes	Inverted playing card (negative numbers)	Card that subtracts from a line for a setup later
Negative n	Degenerate Gamblers	https://degenerategamblers.miraheze.org/wiki/Cards	Numbered Card	Negative version of each number -1 to -11 in every suit, colours inverted	medium	yes	Inverted playing cards (negative numbers)	A card that lowers a line's total so you can hit an exact target
Pi	Degenerate Gamblers	https://degenerategamblers.miraheze.org/wiki/Cards	Numbered Card	Value 3 (set on play), rounds up on stand	high	yes	The number pi	Rank 3.14: scores 3 then bumps by one
Half	Degenerate Gamblers	https://degenerategamblers.miraheze.org/wiki/Cards	Numbered Card	Value 0 on play, rounds up on stand	high	yes	One-half fraction card	Half-rank that becomes 1 when completing a line
