concept	source	source_ref	original	familiarity	token	idea
Playing Card	Human Card Index	https://wiki.geniimagazine.com/index.php?title=Arthur_Lloyd	A standard deck card; the first thing Lloyd's act is said to produce	high	yes	Base card: the plain card that can be swapped for any rank/suit on demand
Bingo Card	Human Card Index	https://wiki.geniimagazine.com/index.php?title=Arthur_Lloyd	Paper grid of numbers marked off as numbers are called	high	yes	A 5x5 card: mark cells as matching ranks are played; complete a line for a bonus
Army Discharge Card	Human Card Index	https://wiki.geniimagazine.com/index.php?title=Arthur_Lloyd	Paper certifying release from military service	medium	no	Retire a card from the grid permanently and bank its value
For-Rent Card	Human Card Index	https://wiki.geniimagazine.com/index.php?title=Arthur_Lloyd	Window sign advertising a vacancy	high	no	Empty a cell; a card placed there pays rent each turn
Membership Card	Human Card Index	https://wiki.geniimagazine.com/index.php?title=Arthur_Lloyd	Card proving membership of a club or gym	high	no	Cards of the same suit in a line pay a bonus; membership perks
Menu Card	Human Card Index	https://wiki.geniimagazine.com/index.php?title=Arthur_Lloyd	Card listing the dishes a restaurant serves	high	no	Choose one effect from several offered
Meal Ticket	Human Card Index	https://wiki.geniimagazine.com/index.php?title=Arthur_Lloyd	Voucher exchanged for a meal	medium	yes	Spend to feed another card; also slang for a dependable source of income
Rain Check	Human Card Index	https://wiki.geniimagazine.com/index.php?title=Arthur_Lloyd	Stub promising a later use of a cancelled event or sale	high	yes	Cancel a play now and replay it later
License Card	Human Card Index	https://wiki.geniimagazine.com/index.php?title=Arthur_Lloyd	Card permitting driving, fishing, etc.	high	no	Permission: allow a normally illegal placement
Marriage Certificate	Human Card Index	https://wiki.geniimagazine.com/index.php?title=Arthur_Lloyd	Document recording a marriage	high	no	Bind two cards so they score and move together
Lodge Card	Human Card Index	https://wiki.geniimagazine.com/index.php?title=Arthur_Lloyd	Membership card of a fraternal lodge	low	no	Secret handshake: cards in the same row share a rank bonus
Racing Form	Human Card Index	https://auctions.potterauctions.com/lot-17341.aspx	Newspaper-style sheet of horse-race odds and form	medium	no	Peek ahead at upcoming draws to bet on them
Coat Check Ticket	Human Card Index	https://auctions.potterauctions.com/lot-17341.aspx	Numbered stub to reclaim a coat from a cloakroom	high	yes	Stash a card aside and reclaim it by number later
Lottery Ticket	Human Card Index	https://auctions.potterauctions.com/lot-17341.aspx	Numbered ticket in a prize draw	high	yes	Random chance to win a large payout
Laundry Receipt	Human Card Index	https://thelink.harding.edu/the-bison/2017/01/20/picking-pockets/	Slip to reclaim cleaned clothing	medium	yes	Wash a card: strip its negative effects
Alimony Papers	Human Card Index	https://thelink.harding.edu/the-bison/2017/01/20/picking-pockets/	Legal document obliging payments to an ex-spouse	low	no	Pay a recurring cost to a rival or past card
Insurance Policy	Human Card Index	https://thelink.harding.edu/the-bison/2017/01/20/picking-pockets/	Contract paying out on loss	medium	no	If a scoring line fails, recover some value
Delmonico's Bill	Human Card Index	https://thelink.harding.edu/the-bison/2017/01/20/picking-pockets/	Restaurant check from Delmonico's of New York	low	no	A big bill: pay a high cost for a high payoff
World Series Ticket	Human Card Index	https://thelink.harding.edu/the-bison/2017/01/20/picking-pockets/	Admission ticket to baseball's championship (the White Sox win)	medium	yes	Admission to a big-score final round
Pawn Ticket	everyday		Receipt for an item pledged to a pawnbroker, to redeem it later	medium	no	Give up a card now, reclaim it later at a price
Business Card	everyday		Small card with name and contact details	high	yes	Hand a card to a neighbour to link their scores
Library Card	everyday		Card permitting borrowing books	high	no	Borrow a card from the discard pile and return it
Credit Card	everyday		Plastic card to buy now, pay later	high	no	Play a card now, pay its cost on a later turn, with interest
Debit Card	everyday		Card spending money directly from your account	high	no	Pay immediately from your banked score
Gift Card	everyday		Prepaid card redeemable at a shop	high	yes	A card holding stored value, spendable once
Report Card	everyday		School card listing grades	high	no	Grade your lines: bonus scaled to your best hand
Birthday Card	everyday		Greeting card for a birthday	high	yes	Bonus on a card's anniversary: triggers every Nth turn
Postcard	everyday		Unenveloped card mailed to someone	high	yes	Send a card to a distant cell
Baseball Card	everyday		Collectible with a player's photo and stats	high	yes	Stats on the card: its value grows the more it is played
Trading Card	everyday		Collectible card swapped with others	high	yes	Swap a card with one from the deck
Flash Card	everyday		Card with a prompt used for memorising	high	no	Briefly reveal hidden cards, then play from memory
Recipe Card	everyday		Card listing ingredients and steps	high	no	Combine a set of named cards to cook a bonus
Punch Card	everyday		Loyalty or data card punched to count uses (tenth free)	high	no	Counts plays; the fifth punch pays out free
Key Card	everyday		Card that opens a hotel door	high	no	Unlock a locked cell or line
Boarding Pass	everyday		Document to board a flight	high	yes	Move a card across the grid
Scratch Card	everyday		Lottery card with a scratch-off hidden result	high	yes	Hidden value revealed only when played
Raffle Ticket	everyday		Numbered ticket in a draw, with a matching stub	high	yes	Draw one random card from the pile as a prize
Parking Ticket	everyday		Fine issued for illegal parking	high	no	Penalty: a card left too long costs points
Speeding Ticket	everyday		Fine for driving too fast	high	no	Penalty for playing too many cards in a turn
Fortune Cookie Slip	everyday		Paper fortune inside a cookie	high	yes	Reveal the next draw or a predicted outcome
Red Card	everyday		Football card sending a player off	high	no	Eject a card from the grid
Yellow Card	everyday		Football warning card	high	no	A warning: next offence is removal
Wild Card	everyday		Card standing in for any other	high	yes	Counts as any rank and suit
Green Card	everyday		US permanent residency card	high	no	Permanently settle a card in its cell
Calling Card	everyday		Card left to announce a visit	medium	yes	Mark a cell; the next card placed there is called
ID Card	everyday		Identity document	high	no	Reveal a hidden card's true rank and suit
Ace Up the Sleeve	everyday		Idiom: a hidden advantage	high	no	Keep a card off-grid, play it any time
House of Cards	everyday		Idiom for a fragile structure	high	no	A tower of cards that collapses if one is removed
Card Shark	everyday		Skilled, sometimes crooked card player	high	no	Bonus for cards played in a winning poker hand
Trump Card	everyday		Card overriding all others in suit play	high	no	Overrides the value of another card
Race Card	everyday		Idiom: raising race to win an argument; also a racing programme	medium	no	Play to push an opponent's line into a dispute
Show Your Cards	everyday		Idiom: reveal your hand	high	no	Reveal all hidden cards for a bonus
Joker in the Pack	everyday		Idiom: the unpredictable element	high	no	A chaos card that changes each turn
Coupon	everyday		Slip giving a discount	high	yes	Cheaper play cost for one card
Postage Stamp	everyday		Adhesive stamp paying for mail	high	yes	Stamp a card to send it elsewhere
Bus Transfer	everyday		Slip allowing a second bus ride free	medium	yes	Move to another line at no cost
Deli Number Ticket	everyday		Numbered ticket for queue order	high	yes	Take a number: play in queue order
Dance Card	everyday		Card listing dance partners at a ball	low	no	Pair cards in a fixed order
Valentine	everyday		Card expressing affection on 14 February	high	yes	Hearts score bonus; love binds two cards
Greeting Card	everyday		Card sent for occasions	high	yes	Send well-wishes: buff a neighbour
Christmas Card	everyday		Seasonal greeting	high	yes	Seasonal bonus on a fixed turn
Thank-You Card	everyday		Card sent in gratitude	high	yes	Return a favour: refund a cost
Sympathy Card	everyday		Card sent in mourning	medium	yes	Comfort a lost card; soften a loss
Get-Well Card	everyday		Card sent to the sick	medium	yes	Heal a damaged card
Wedding Invitation	everyday		Card inviting guests to a wedding	high	no	Invite two cards to join
Save the Date	everyday		Card warning of a future event	medium	no	Reserve a cell for a future card
RSVP Card	everyday		Reply card returned to a host	medium	no	Respond to a card played: must answer
Place Card	everyday		Name card marking a seat at a table	medium	no	Reserve a seat for a specific rank
Index Card	everyday		Ruled card for notes	high	yes	Jot a note: remember one card for later
Cue Card	everyday		Card held up with a performer's lines	medium	no	Prompt: tells the next player what to play
Score Card	everyday		Card for recording scores	high	no	Keeps a running tally; bonus at the end
Golf Scorecard	everyday		Golf card recording strokes	medium	no	Low score wins; fewer cards played scores more
Tally Card	everyday		Card for counting marks	low	no	Counts repeats of a rank
Bookmark	everyday		Strip marking a page in a book	high	yes	Mark a place in the deck to return to
Time Card	everyday		Card stamped to record working hours	medium	no	Clock in a card; it earns per turn
Pay Stub	everyday		Slip showing earnings	medium	no	Convert held cards to income
Receipt	everyday		Proof of purchase	high	yes	Return a purchased card for a refund
Invoice	everyday		Bill for goods or services	high	no	Charge another card's owner
IOU	everyday		Written promise to pay a debt	medium	no	Borrow now, repay later
Promissory Note	everyday		Formal written promise to pay	low	no	Debt carried across rounds
Cheque	everyday		Written order to pay from a bank account	high	no	Write in a value; may bounce
Bank Note	everyday		Paper money	high	yes	Pure currency: worth its face value
Money Order	everyday		Prepaid payment certificate	low	yes	Guaranteed value, unlike a cheque
Traveler's Cheque	everyday		Prepaid cheque for travellers	low	yes	Safe value that can't be stolen
Savings Bond	everyday		Government bond maturing later	medium	no	Locked now, pays more later
Stock Certificate	everyday		Paper proving share ownership	medium	no	Share in another card's score
Powerball Ticket	everyday		Lottery ticket with picked numbers	medium	yes	Pick five ranks; match the draw for a jackpot
Golden Ticket	everyday		Rare winning ticket (Willy Wonka)	high	no	One rare card unlocks a huge prize
Admission Ticket	everyday		Ticket to enter an event	high	yes	Lets a card into a restricted area
Movie Ticket	everyday		Ticket to a cinema show	high	yes	One-time entry to a scoring showing
Concert Ticket	everyday		Ticket to a live show	high	yes	Front row: bonus if placed in the front row
Train Ticket	everyday		Ticket for rail travel	high	yes	Travel along a row
Bus Pass	everyday		Pass for unlimited bus rides	high	no	Free moves for a period
Metro Card	everyday		Prepaid transit card	high	no	Pay per move, rechargeable
Season Ticket	everyday		Ticket for all games in a season	medium	no	Permanent entry for a whole round
Ferris Wheel Ticket	everyday		Fairground ride ticket	medium	yes	Spin the grid: a rotation
Carnival Ticket	everyday		Ticket used at fairs for rides and games	high	yes	Tokens spent at circus side-shows
Circus Ticket	everyday		Ticket admitting to the big top	high	yes	Enter the main ring
Backstage Pass	everyday		Pass to restricted area at a show	high	no	Bypass a limit on placement
VIP Pass	everyday		Special-access pass	high	no	Jump the queue; play out of turn
Hall Pass	everyday		School pass to leave class	medium	no	Leave the grid for a turn and return
Get Out of Jail Free Card	everyday		Monopoly card freeing you from jail	high	no	Escape a penalty once
Chance Card	everyday		Monopoly card with random outcomes	high	no	Draw an unpredictable event
Community Chest Card	everyday		Monopoly card with community gifts	medium	no	A shared pot paid to all
Cheat Sheet	everyday		Crib sheet of answers	high	no	See the answer to a hand
Permission Slip	everyday		School slip signed by a parent	high	no	Approval needed before a card can leave the grid
Detention Slip	everyday		Punishment slip at school	medium	no	Skip a turn as punishment
Rookie Card	everyday		A player's first trading card	medium	yes	First-play bonus
Holographic Card	everyday		Shiny rare trading card	high	no	A shinier version with bonus scoring
Pokemon Card	everyday		Famous trading card game card	high	yes	Evolve a card into a stronger one
Warehouse Club Card	everyday		Bulk-store membership card	medium	no	Buy in bulk: multiple cards for one cost
Loyalty Card	everyday		Store card rewarding frequent purchases	high	no	Rewards repeated play of the same suit
Stamp Card	everyday		Card collecting stamps toward a prize	high	no	Fill slots for a free card
Frequent Flyer Card	everyday		Airline rewards membership	medium	no	Bonus for moving across rows
Student ID	everyday		School identity card	high	no	Discount when matched with a low rank
Driver's License	everyday		Government permit to drive	high	no	Lets a card travel across the grid
Passport	everyday		Travel identity document	high	no	Lets a card cross boundaries
Visa	everyday		Permit to enter a country	high	no	Temporary entry for a card into a row
Birth Certificate	everyday		Record of a birth	high	no	Proves a card's origin; revive a destroyed card
Death Certificate	everyday		Official record of a death	medium	no	Declare a card dead, remove it
Social Security Card	everyday		US identity card	high	no	A permanent unique identity
Insurance Card	everyday		Card proving health cover	high	no	Covered: protection from penalties
Prescription	everyday		Doctor's written order for medicine	high	yes	Fix a card with a matching cure
Doctor's Note	everyday		Note excusing an absence	high	no	Excuse a missed turn
Vaccination Card	everyday		Record of vaccines received	medium	no	Immunity against a hazard
Appointment Card	everyday		Card reminding of a booking	high	no	Delayed effect at a set turn
Reservation Card	everyday		Booking for a table or room	medium	no	Hold a cell for later
Hotel Key Card	everyday		Electronic room key	high	no	Room access: unlocks one row
Do Not Disturb Sign	everyday		Hotel door hanger requesting privacy	high	no	Nothing may touch this cell
Name Tag	everyday		Sticker saying Hello My Name Is	high	yes	Give a card a new name/rank
Wanted Poster	everyday		Notice offering a reward for a criminal	high	no	Bounty on a card; destroy it for reward
Missing Persons Flyer	everyday		Notice seeking a lost person	medium	no	Find a card lost in the deck
Lost and Found Ticket	everyday		Slip for recovered property	medium	yes	Recover a discarded card
Claim Ticket	everyday		Stub to claim luggage or repairs	high	yes	Retrieve a stashed card
Baggage Tag	everyday		Tag identifying airline luggage	high	yes	Send a card to another destination
Toll Ticket	everyday		Ticket taken at a toll road	medium	yes	Pay to pass through a line
Prayer Card	everyday		Small religious card	medium	yes	A blessing: luck for a draw
Horoscope	everyday		Astrology column for your sign	high	no	Predict a suit; bonus if it comes true
Mugshot	everyday		Photo taken at arrest	high	no	Reveal a card's identity
Rap Sheet	everyday		Criminal record	medium	no	Past plays count against a card
Warrant	everyday		Court order to arrest or search	medium	no	Force a card to be revealed
Subpoena	everyday		Court order to appear	medium	no	Summon a card from the deck
Jury Summons	everyday		Notice to serve on a jury	high	no	Call a panel of cards to vote
Eviction Notice	everyday		Notice to leave a home	high	no	Force a card out of its cell
Final Notice	everyday		Last warning before action	high	no	Act now or lose
Telegram	everyday		Short message sent by wire	medium	yes	Deliver a message to a far cell
Ransom Note	everyday		Note demanding payment for a hostage	high	no	Hold a card for ransom
Love Letter	everyday		Letter of affection	high	no	Bond two cards
Chain Letter	everyday		Letter demanding it be copied on	medium	no	Copies itself to other cells
Dear John Letter	everyday		Letter ending a relationship	medium	no	Breaks a bond between cards
Daily Specials Card	everyday		Card for today's specials	medium	no	Rotating effect changes each turn
Order Ticket	everyday		Kitchen ticket listing an order	medium	yes	Request a specific card
Dry Cleaning Ticket	everyday		Claim ticket for dry cleaning	medium	yes	Clean a card and reclaim later
Arcade Token	everyday		Coin for arcade machines	high	yes	One more play
Arcade Redemption Ticket	everyday		Ticket strip from arcade games, exchanged for prizes	high	yes	Collect and exchange for prizes
Subway Token	everyday		Old token for NYC subway	medium	yes	A fare: move along a line
Library Due Date Slip	everyday		Slip showing return date	medium	yes	A card must be returned by a set turn
Overdue Notice	everyday		Notice that a book is late	medium	no	Late return costs fines
Fortune Teller Machine Card	everyday		Carnival fortune card from a machine	medium	yes	A peek into the future
Photo Booth Strip	everyday		Four small photos in a strip	high	no	Copy a card four times in a row
Polaroid	everyday		Instant photograph	high	no	Snapshot: copy a card's state
Yearbook Page	everyday		School album page	medium	no	Archive all cards played
Autograph Card	everyday		Card signed by a celebrity	medium	no	Signed cards score double
Sticker	everyday		Adhesive printed label	high	yes	Stick an effect onto a card
Price Tag	everyday		Label showing the price	high	yes	Sets a cost on a card
Clearance Tag	everyday		Tag marking reduced goods	medium	yes	Sell cheap, last call
Sales Receipt Return Slip	everyday		Slip for returning goods for store credit	medium	yes	Swap a card for store credit
Store Credit Slip	everyday		Voucher instead of a refund	medium	yes	Credit toward a future purchase
Layaway Ticket	everyday		Ticket for goods paid for in installments	low	no	Pay in parts; claim when complete
Bail Bond	everyday		Payment to release from jail	medium	no	Pay to release a held card
Parole Card	everyday		Card for release on conditions	low	no	Released but with conditions
Hunting License	everyday		Permit to hunt	medium	no	Permit to capture a card
Fishing License	everyday		Permit to fish	high	no	Fish a card from the deck
Marriage License	everyday		Permit to wed	high	no	Permission to bond two cards
Ration Card	everyday		Card limiting purchases of scarce goods	medium	no	Limits how many you may play
Food Stamp	everyday		Government food voucher	medium	yes	Covers the cost of a basic card
Library Catalog Card	everyday		Card in a library card catalog	medium	yes	Look up where a card is in the deck
Rolodex Card	everyday		Card in a rotary contact file	low	yes	Flip through to a chosen card
