name,kind,state,evidence,scope,axis,needs_height,needs_grids,effect,next_step,source
Hoops,catalog card,accepted,Added,grid-local,x+line,no,1,"Base suit. When a Hoops card scores, hoop props sweep the scored row; every talent (skill) card a hoop passes through scores again. Talented spawners suppress their own suit effect.","restate the effect against the four-coordinate board, then print it",CARD_CATALOG.csv seen? column
Knives,catalog card,accepted,Added,grid-local,x,no,1,Base suit. Knife props launch from the OPPOSITE row edge and score plain (non-skill) prop cards they pass; the spawner scores itself by design.,"restate the effect against the four-coordinate board, then print it",CARD_CATALOG.csv seen? column
Balls,catalog card,accepted,Added,grid-local,y,no,1,Base suit. Ball props arc down the column (mancala walk picks talent targets at spawn) and drop the Juggling status: a Juggling card pays out column score when it later scores.,"restate the effect against the four-coordinate board, then print it",CARD_CATALOG.csv seen? column
Flames,catalog card,accepted,Added,grid-local,x+y,no,1,Base suit. Fire props arc down the column dropping Burning: a Burning card's own suit effect fires with multiplied prop count. Same-act fire cascades (row-scored Burning buffing later columns) are intended.,"restate the effect against the four-coordinate board, then print it",CARD_CATALOG.csv seen? column
Gold,catalog card,modified,"Modified (type instead of suit, effect is that it increases its own cost, is heavy) (gold gen should be its own talent)",global,deck,no,1,"Special suit, never rolled randomly. Gold-suit cards ARE currency (full trade value at shops); when one scores, mint a Gold token card (TypeHeavy) to the deck bottom.","restate the effect against the four-coordinate board, then print it",CARD_CATALOG.csv seen? column
Electric,catalog card,accepted,Added,grid-local,x,no,1,"Special suit, never rolled. When an Electric card scores, an arc prop hops card-to-card through orthogonally adjacent cards, +points per link; the chain dies at the first gap.","restate the effect against the four-coordinate board, then print it",CARD_CATALOG.csv seen? column
Fireworks,catalog card,accepted,Added,grid-local,y,no,1,"Special suit, never rolled randomly (deck12 is its only grant path). When a Fireworks card scores, the rocket rises its column and banks the column score directly.","restate the effect against the four-coordinate board, then print it",CARD_CATALOG.csv seen? column
Roman Numerals,catalog card,accepted,Added,grid-local,h,yes,1,"Cosmetic rank skin: this card's rank renders as Roman numerals. Melds, stacks and comparisons are completely normal.","restate the effect against the four-coordinate board, then print it",CARD_CATALOG.csv seen? column
The Blank,catalog card,accepted,Added,grid-local,h+line,yes,1,"No rank, no suit. Stacks on anything; anything stacks on it; never melds and scores 0. Pure spatial glue.","restate the effect against the four-coordinate board, then print it",CARD_CATALOG.csv seen? column
The Joey,catalog card,vetoed,"Vetoed (rank that is always 11 is boring, joey should be a clown token with actual effect)",grid-local,none,no,1,Face rename: Jacks are Joeys. A Joey counts as a Clown-class card for group effects.,do not print; the reference may be recycled onto another card,CARD_CATALOG.csv seen? column
The Ringmistress,catalog card,vetoed,Vetoed (reference can be recycled),grid-local,none,no,1,Face rename: Queens are Ringmistresses. Counts as a Producer-class card for group effects.,do not print; the reference may be recycled onto another card,CARD_CATALOG.csv seen? column
The Impresario,catalog card,vetoed,Vetoed (reference can be recycled),global,deck,no,1,Face rename: Kings are Impresarios. Counts as a Producer-class card and gives +1 trade value when spent at shops.,do not print; the reference may be recycled onto another card,CARD_CATALOG.csv seen? column
The Headliner,catalog card,vetoed,Vetoed (reference can be recycled),grid-local,x,no,1,"Face rename: Aces are Headliners. A Headliner counts HIGH or LOW in runs (1 or 14), decided at evaluation time in your favor.",do not print; the reference may be recycled onto another card,CARD_CATALOG.csv seen? column
Half-Step,catalog card,accepted,Added (makes more sense as hat),grid-local,h+line,yes,1,Rank N½: stacks legally between N and N+1 in runs but never participates in poker melds.,"restate the effect against the four-coordinate board, then print it",CARD_CATALOG.csv seen? column
The Fifteen,catalog card,accepted,Added (made into talent),grid-local,x,no,1,"This card ALSO melds with any adjacent neighbors whose ranks sum to 15 with it (the demoted cribbage rule — an ability, not a default).","restate the effect against the four-coordinate board, then print it",CARD_CATALOG.csv seen? column
The Best Bower,catalog card,accepted,Added (added effect that it randomly acts as any prop from the game),grid-local,h+line,yes,1,This card counts as EVERY suit for flush evaluation (never for suit-stacking rules).,"restate the effect against the four-coordinate board, then print it",CARD_CATALOG.csv seen? column
The Half Card,catalog card,modified,"Modified (either talent that splits into two halves down middle, or becomes two cards where rank is half. recombines on score as its own meld)",grid-local,h+cell,yes,1,"Half rank (rounds down), half size: TWO Half Cards occupy one board slot together and meld as one combined card.","restate the effect against the four-coordinate board, then print it",CARD_CATALOG.csv seen? column
Harlequin,catalog card,vetoed,vetoed (2 suit suit is boring),grid-local,line,no,1,"Dual-suit pip: this card counts as BOTH printed suits for every comparison, meld, and suit effect (both props fire).",do not print; the reference may be recycled onto another card,CARD_CATALOG.csv seen? column
The Fire-Knife,catalog card,vetoed,vetoed (already have fire and knives),grid-local,x+y,no,1,Fixed dual-suit card: Knives AND Flames simultaneously — knife props fly the row while Burning drops down the column.,do not print; the reference may be recycled onto another card,CARD_CATALOG.csv seen? column
The Wildcard,catalog card,accepted,Added (is any rank instead),grid-local,x,no,1,"Wild pip: on every board change it becomes a copy of a rank/suit currently present in its row, chosen deterministically. Cycling visuals show the current identity.","restate the effect against the four-coordinate board, then print it",CARD_CATALOG.csv seen? column
The Forged Ace,catalog card,vetoed,Vetoed (??? wtf is this),grid-local,none,no,1,"Event-granted counterfeit: enormous rank (counts as two Aces in melds). If any inspection effect or Prepared Town examines it, it is destroyed and this show's fame payout is voided.",do not print; the reference may be recycled onto another card,CARD_CATALOG.csv seen? column
Paper,catalog card,accepted,Added,grid-local,cell,no,1,Default material. No modifier behavior; the baseline every other type upgrades.,"restate the effect against the four-coordinate board, then print it",CARD_CATALOG.csv seen? column
Hoops,Suit,accepted,already added,,,,,"Base suit. When a Hoops card scores and not talented, hoop props (count based on rank) sweep the scored row; every talent (skill) card a hoop passes through scores again.   Stacking rule: different suit and adjacent rank",none - already implemented,curated effects pre grid.csv
Knives,Suit,accepted,already added,,,,,Base suit. Knife props (count based on rank) launch from the OPPOSITE row edge and score plain (non-skill) prop cards they pass; the spawner scores itself by design. (points for missing talent)  Stacking rule: different suit and adjacent rank,none - already implemented,curated effects pre grid.csv
Balls,Suit,accepted,already added,,,,,Base suit. Ball props (count based on rank) arc down the column (mancala walk picks talent targets at spawn) and drop the Juggling status: a Juggling card pays out column score when it later scores.  Stacking rule: different suit and adjacent rank,none - already implemented,curated effects pre grid.csv
Flames,Suit,accepted,already added,,,,,Base suit. Fire props arc down the column dropping Flaming: a Flamingcard's spawned prop effects are buffed based on amount of fire stacks. Each burning prop has its own effect multiplied by amount of fire stacks. Flaming cannot be directly applied to fire suit cards or talents. Props inherit stacks from their spawner card.  Stacking rule: different suit and adjacent rank,none - already implemented,curated effects pre grid.csv
Fireworks,Suit,accepted,"# IMPLEMENTED: PipSuitFirework (special, excluded from PipSuit.STANDARD)",,,,,"When a Fireworks card scores, the rocket rises its column and banks the column score directly based on its rank.   1: Has higher base score per rank, so something like 2-5 score x rank, could be random  Or 2: Each firework suit trigger adds +1 firework to next firework suit trigger   Stacking rule: different suit and adjacent rank",none - already implemented,curated effects pre grid.csv
Electricity,Suit,proposed,"class PipSuitElectric extends PipSuit: -- pseudocode sketch, no owner mark",,,,,"On Score and not talented, scores points based on own rank and ranks of all connected electric suit cards (orthogonal + diagonals).  Stacking rule: different suit and adjacent rank",owner to mark; the sketch predates the grid and needs its axes restated,curated effects pre grid.csv
Rock Paper Scissors,Suit,proposed,no acceptance mark exists in this file,,,,,"On game start, randomly becomes rock or paper or scissors (even distribution makes sense here for balancing reasons, but at same time all one type should be rare enough, but no evening causes high chance of something being uneven)  Stacking rule: When stacking on another card, has to win RPS to stack if other card is also RPS. if not RPS can stack normally since it should fulfull different suit ru",owner to mark accept or reject,curated effects pre grid.csv
Best Bower,Suit,proposed,"class PipSuitBower extends PipSuit: -- pseudocode sketch, no owner mark",,,,,"Wild suit, counts as every single suit for melds. flush enabler, stack anywhere  Randomly selects prop from entire game to trigger effect of if no talent",owner to mark; the sketch predates the grid and needs its axes restated,curated effects pre grid.csv
Integer numbers (default),Rank,proposed,"TODO -- pseudocode sketch, no owner mark",,,,,"base is A-K (1-13), but could be -99 to 99 instead?   Instead of showing negative symbol, entire card becomes covered in a negative shader. Negative causes inverted versions of everything, with negative shaded props which causes score reductions However, all negative version effects are unique when compared to positive versions for sake of increasing combo  Negative is a status effect that automat",owner to mark; the sketch predates the grid and needs its axes restated,curated effects pre grid.csv
Roman Numerals (clockwork),Rank,proposed,"TODO -- pseudocode sketch, no owner mark",,,,,"1-12 roman numerals. Capped at these numbers, since they wrap around when increased or decrease.  Time effect: advances by +1 per player action",owner to mark; the sketch predates the grid and needs its axes restated,curated effects pre grid.csv
Blank,Rank,proposed,"class PipRankBlank extends PipRank: -- pseudocode sketch, no owner mark",,,,,"Effectively 0. Always returns true and passes stacking rules, but cannot participate in rank based effects and melds",owner to mark; the sketch predates the grid and needs its axes restated,curated effects pre grid.csv
Wild (copycat/understudy),Rank,proposed,"class PipRankWild extends PipRank: -- pseudocode sketch, no owner mark",,,,,Effectively 0. Is simultaneously any rank you already have in your deck when participating in rank based effects like stacking and melds. Behaves like blank if nothing available to copy.  Cannot act like a rank you do not already have in your deck,owner to mark; the sketch predates the grid and needs its axes restated,curated effects pre grid.csv
Decimal numbers (Half-Step),Hat,proposed,"class PipRankHeadliner extends PipRankNumeral: -- pseudocode sketch, no owner mark",,,,,"Causes rank number to evaluate as both itself and +1 for all purposes, while counting as a separate number (another same rank with decimal hat would still evaluate as duplicate). Can be double counted for multiple effects, a 3, 2.5, 2 counts as 2 pairs since it evaluates as 3,3,2,2 and also evaluates as straight (3) too",owner to mark; the sketch predates the grid and needs its axes restated,curated effects pre grid.csv
mahjong,rank/suit,proposed,no acceptance mark exists in this file,,,,,,owner to mark accept or reject,curated effects pre grid.csv
paper,Type,accepted,# IMPLEMENTED: TypePaper — the no-op default type,,,,,no effect,none - already implemented,curated effects pre grid.csv
Iron,Type,proposed,no acceptance mark exists in this file,,,,,"Sinks to bottom of any stack, respecting physical weight",owner to mark accept or reject,curated effects pre grid.csv
Gold,Type,proposed,no acceptance mark exists in this file,,,,,"Sinks to bottom of any stack, stops when encountering other heavy cards. Heavier than iron. +2 cost when being traded in at shops",owner to mark accept or reject,curated effects pre grid.csv
Diamond,Type,proposed,no acceptance mark exists in this file,,,,,x2 score on this card. +3 cost when traded in at shops,owner to mark accept or reject,curated effects pre grid.csv
glass,Type,proposed,no acceptance mark exists in this file,,,,,spotlights cards behind it  Breaks if a heavy card passes through it,owner to mark accept or reject,curated effects pre grid.csv
Balloon,Type,proposed,no acceptance mark exists in this file,,,,,"opposite of heavy card, always raise to top of stack might be too difficult to use outside of starting game with balloons since it permanently covers a stack",owner to mark accept or reject,curated effects pre grid.csv
Water,Type,proposed,"class TypeWater extends CardModifierType: -- pseudocode sketch, no owner mark",,,,,always flows sideways into lower level column than itself,owner to mark; the sketch predates the grid and needs its axes restated,curated effects pre grid.csv
?PropArtist,Hat,proposed,no acceptance mark exists in this file,,,,,Suits effect still apply even if card is talented,owner to mark accept or reject,curated effects pre grid.csv
Kuroko,Hat,proposed,"class StampKuroko extends CardModifierStamp: -- pseudocode sketch, no owner mark",grid-local,h,yes,1,this card is unseen — it does not block Spotlight beneath it AND cannot be targeted by effects.,owner to mark; the sketch predates the grid and needs its axes restated,curated effects pre grid.csv
Fifteen (cribbage),Talent,proposed,"class PipRankFifteen extends PipRankNumeral: -- pseudocode sketch, no owner mark",,,,,"Spotlight:checks cards in scoring hand that add up to 15 (this way it can work for both row and col check, orthogonal)  No way to tie break realistically, so order is first found going in order of hand, or score every single possible unique 15 found from combinations  2: This card melds with any adjacent neighbors whose ranks sum to 15 with it (the demoted cribbage rule — an ability, not a default",owner to mark; the sketch predates the grid and needs its axes restated,curated effects pre grid.csv
The Half Card,Talent,proposed,no acceptance mark exists in this file,,,,,"On drop, splits into two halves (2 other cards) across the diagonal [/], bottom half is a seperate card. Split means one card has rank and hat, other card only suit, changing how stacking rules work. Bottom half is not real card that can exist in deck (is technically separate talent maybe that gets exhausted at game end) Top half reverts back into original card (this means technically 3 cards impl",owner to mark accept or reject,curated effects pre grid.csv
Double trigger,raw idea,proposed,no acceptance mark exists in this file - it is an unsorted brainstorm sheet,,,,,Double trigger,owner to mark accept or reject; the post-grid effects CSV carries the restated version,random potential effects.csv cell 2-0
earth stays on bottom of deck,raw idea,proposed,no acceptance mark exists in this file - it is an unsorted brainstorm sheet,,,,,earth stays on bottom of deck,owner to mark accept or reject; the post-grid effects CSV carries the restated version,random potential effects.csv cell 2-3
sandwich card,raw idea,proposed,no acceptance mark exists in this file - it is an unsorted brainstorm sheet,,,,,"sandwich card: on submission, if there is a same suit card later down the stack, gain a point for each card in between",owner to mark accept or reject; the post-grid effects CSV carries the restated version,random potential effects.csv cell 2-6
Selection sort,raw idea,proposed,no acceptance mark exists in this file - it is an unsorted brainstorm sheet,grid-local,h,yes,1,Selection sort: moves up if card above is smaller,owner to mark accept or reject; the post-grid effects CSV carries the restated version,random potential effects.csv cell 2-7
more poker,raw idea,proposed,no acceptance mark exists in this file - it is an unsorted brainstorm sheet,grid-local,line,no,1,more poker: poker hands give double the points,owner to mark accept or reject; the post-grid effects CSV carries the restated version,random potential effects.csv cell 2-8
spaceship,raw idea,proposed,no acceptance mark exists in this file - it is an unsorted brainstorm sheet,grid-local,cell,no,1,"spaceship, this card can be placed in the void",owner to mark accept or reject; the post-grid effects CSV carries the restated version,random potential effects.csv cell 2-9
while in deck,raw idea,proposed,no acceptance mark exists in this file - it is an unsorted brainstorm sheet,,,,,"while in deck, if an open card with a legal slot is ever available, move from deck to that slot",owner to mark accept or reject; the post-grid effects CSV carries the restated version,random potential effects.csv cell 2-10
on score,raw idea,proposed,no acceptance mark exists in this file - it is an unsorted brainstorm sheet,,,,,"on score, put 2 random cards from discard pile into deck (Exhaust: card does not entire discard)",owner to mark accept or reject; the post-grid effects CSV carries the restated version,random potential effects.csv cell 2-11
egg,raw idea,proposed,no acceptance mark exists in this file - it is an unsorted brainstorm sheet,grid-local,cell,no,1,"egg, when this card is submitted, instead become a completely random other card (higher rank)",owner to mark accept or reject; the post-grid effects CSV carries the restated version,random potential effects.csv cell 2-12
champion,raw idea,proposed,no acceptance mark exists in this file - it is an unsorted brainstorm sheet,grid-local,h,yes,1,champion: cards of the same rank on top or below this card are discarded,owner to mark accept or reject; the post-grid effects CSV carries the restated version,random potential effects.csv cell 2-13
hippo,raw idea,proposed,no acceptance mark exists in this file - it is an unsorted brainstorm sheet,,,,,"hippo, when a single card is placed on top of this card, consume the card and gain its rank in value (rank wraps around)",owner to mark accept or reject; the post-grid effects CSV carries the restated version,random potential effects.csv cell 2-14
all in,raw idea,proposed,no acceptance mark exists in this file - it is an unsorted brainstorm sheet,global,none,no,1,"all in: on next score, double total score, then double score needed next round",owner to mark accept or reject; the post-grid effects CSV carries the restated version,random potential effects.csv cell 2-15
deja vu,raw idea,proposed,no acceptance mark exists in this file - it is an unsorted brainstorm sheet,grid-local,cell,no,1,"deja vu: this card remembers its placement on the board. the next time there is an open slot in that place, move there from anywhere",owner to mark accept or reject; the post-grid effects CSV carries the restated version,random potential effects.csv cell 2-16
Frankenstein card,raw idea,proposed,no acceptance mark exists in this file - it is an unsorted brainstorm sheet,,,,,"Frankenstein card: when submitted, combines with bottom and top card and becomes a 3 card merged stack and remains in submission zone after scoring",owner to mark accept or reject; the post-grid effects CSV carries the restated version,random potential effects.csv cell 2-17
rabbit,raw idea,proposed,no acceptance mark exists in this file - it is an unsorted brainstorm sheet,grid-local,x,no,1,"rabbit, if this card is clicked/grabbed on, move away to furthest orthogonal location",owner to mark accept or reject; the post-grid effects CSV carries the restated version,random potential effects.csv cell 2-18
robber card,raw idea,proposed,no acceptance mark exists in this file - it is an unsorted brainstorm sheet,,,,,robber card: in between turns robbers steal high value cards,owner to mark accept or reject; the post-grid effects CSV carries the restated version,random potential effects.csv cell 2-19
Trigger even when hidden,raw idea,proposed,no acceptance mark exists in this file - it is an unsorted brainstorm sheet,,,,,Trigger even when hidden,owner to mark accept or reject; the post-grid effects CSV carries the restated version,random potential effects.csv cell 3-0
air stays on top of deck,raw idea,proposed,no acceptance mark exists in this file - it is an unsorted brainstorm sheet,,,,,air stays on top of deck,owner to mark accept or reject; the post-grid effects CSV carries the restated version,random potential effects.csv cell 3-3
Poker card,raw idea,proposed,no acceptance mark exists in this file - it is an unsorted brainstorm sheet,,,,,"Poker card: When this card is evaluated, this card and the 4 cards above it are scored as a poker hand",owner to mark accept or reject; the post-grid effects CSV carries the restated version,random potential effects.csv cell 3-6
trap,raw idea,proposed,no acceptance mark exists in this file - it is an unsorted brainstorm sheet,grid-local,h,yes,1,"trap, creates an extra empty space, the next card to go on it is instead placed below this card and the empty space is removed",owner to mark accept or reject; the post-grid effects CSV carries the restated version,random potential effects.csv cell 3-7
goalpost,raw idea,proposed,no acceptance mark exists in this file - it is an unsorted brainstorm sheet,grid-local,line,no,1,goalpost: enhances random viable score type which changes per game,owner to mark accept or reject; the post-grid effects CSV carries the restated version,random potential effects.csv cell 3-8
distancing,raw idea,proposed,no acceptance mark exists in this file - it is an unsorted brainstorm sheet,grid-local,h,yes,1,"distancing, card will hover at the top of the stack and not block its bottom card, and cannot be clicked on (counts as next row?)",owner to mark accept or reject; the post-grid effects CSV carries the restated version,random potential effects.csv cell 3-9
pot of greed,raw idea,proposed,no acceptance mark exists in this file - it is an unsorted brainstorm sheet,grid-local,cell,no,1,"pot of greed: when this card is in a slot by itself, discard and replace with two cards from deck",owner to mark accept or reject; the post-grid effects CSV carries the restated version,random potential effects.csv cell 3-10
rewrite,raw idea,proposed,no acceptance mark exists in this file - it is an unsorted brainstorm sheet,grid-local,h,yes,1,"rewrite: on entering the board, remembers cards below it, then on submission, replace same amount of cards below it",owner to mark accept or reject; the post-grid effects CSV carries the restated version,random potential effects.csv cell 3-13
paintbrush,raw idea,proposed,no acceptance mark exists in this file - it is an unsorted brainstorm sheet,grid-local,h,yes,1,paintbrush: cards this is placed on become the same suit,owner to mark accept or reject; the post-grid effects CSV carries the restated version,random potential effects.csv cell 3-14
the one ring,raw idea,proposed,no acceptance mark exists in this file - it is an unsorted brainstorm sheet,global,deck,no,1,"the one ring: always know exactly where this card is, if destroyed permanently, win the match",owner to mark accept or reject; the post-grid effects CSV carries the restated version,random potential effects.csv cell 3-18
lightning card,raw idea,proposed,no acceptance mark exists in this file - it is an unsorted brainstorm sheet,,,,,lightning card: lightning strikes highest value card on board causing shock effect,owner to mark accept or reject; the post-grid effects CSV carries the restated version,random potential effects.csv cell 3-19
Trigger when in deck,raw idea,proposed,no acceptance mark exists in this file - it is an unsorted brainstorm sheet,,,,,Trigger when in deck,owner to mark accept or reject; the post-grid effects CSV carries the restated version,random potential effects.csv cell 4-0
water moves downwards per turn,raw idea,proposed,no acceptance mark exists in this file - it is an unsorted brainstorm sheet,,,,,water moves downwards per turn,owner to mark accept or reject; the post-grid effects CSV carries the restated version,random potential effects.csv cell 4-3
if this card is not part of any scoring hands,raw idea,proposed,no acceptance mark exists in this file - it is an unsorted brainstorm sheet,,,,,"if this card is not part of any scoring hands, give 10 points",owner to mark accept or reject; the post-grid effects CSV carries the restated version,random potential effects.csv cell 4-6
parasite,raw idea,proposed,no acceptance mark exists in this file - it is an unsorted brainstorm sheet,grid-local,h,yes,1,"parasite, attaches itself to the next card placed on top of this card, on submission, replace the host card with the parasite card",owner to mark accept or reject; the post-grid effects CSV carries the restated version,random potential effects.csv cell 4-7
cheering team,raw idea,proposed,no acceptance mark exists in this file - it is an unsorted brainstorm sheet,grid-local,line,no,1,cheering team: each scored card of the same suit as this card gets extra points,owner to mark accept or reject; the post-grid effects CSV carries the restated version,random potential effects.csv cell 4-8
any card can be placed on top of this card,raw idea,proposed,no acceptance mark exists in this file - it is an unsorted brainstorm sheet,,,,,any card can be placed on top of this card,owner to mark accept or reject; the post-grid effects CSV carries the restated version,random potential effects.csv cell 4-9
future sight,raw idea,proposed,no acceptance mark exists in this file - it is an unsorted brainstorm sheet,global,deck,no,1,future sight: see the next 5 cards,owner to mark accept or reject; the post-grid effects CSV carries the restated version,random potential effects.csv cell 4-10
snake,raw idea,proposed,no acceptance mark exists in this file - it is an unsorted brainstorm sheet,grid-local,h,yes,1,"snake: smaller rank cards below are consumed, leaving behind a temporary body card of the same rank",owner to mark accept or reject; the post-grid effects CSV carries the restated version,random potential effects.csv cell 4-13
sniper,raw idea,proposed,no acceptance mark exists in this file - it is an unsorted brainstorm sheet,grid-local,cell,no,1,"sniper: on next pressed, lower rank of last interacted card by one, discarding card if rank is one",owner to mark accept or reject; the post-grid effects CSV carries the restated version,random potential effects.csv cell 4-14
jenga,raw idea,proposed,no acceptance mark exists in this file - it is an unsorted brainstorm sheet,grid-local,h,yes,1,"jenga: clicking a card not on top places it at the top of the next smallest stack, and leaves behind an empty space. clicking on cards on top does nothing. each row cannot have more than 4 empty spaces, and each row must be connected by cards. breaking these rules will discard this card. empty spaces are collapsed when this card is no longer active",owner to mark accept or reject; the post-grid effects CSV carries the restated version,random potential effects.csv cell 4-18
hurricane card,raw idea,proposed,no acceptance mark exists in this file - it is an unsorted brainstorm sheet,,,,,"hurricane card: cards in a donut shape get wet, hurricane starts at random category 1-5 and moves and becomes weaker",owner to mark accept or reject; the post-grid effects CSV carries the restated version,random potential effects.csv cell 4-19
Money on trigger,raw idea,proposed,no acceptance mark exists in this file - it is an unsorted brainstorm sheet,,,,,Money on trigger,owner to mark accept or reject; the post-grid effects CSV carries the restated version,random potential effects.csv cell 5-0
fire moves upwards per turn,raw idea,proposed,no acceptance mark exists in this file - it is an unsorted brainstorm sheet,,,,,fire moves upwards per turn,owner to mark accept or reject; the post-grid effects CSV carries the restated version,random potential effects.csv cell 5-3
Spiderweb,raw idea,proposed,no acceptance mark exists in this file - it is an unsorted brainstorm sheet,grid-local,x,no,1,"Spiderweb, 1 point per card diagonal to this card and in a cross shape",owner to mark accept or reject; the post-grid effects CSV carries the restated version,random potential effects.csv cell 5-6
stowaway,raw idea,proposed,no acceptance mark exists in this file - it is an unsorted brainstorm sheet,grid-local,cell,no,1,"stowaway, this card will move to the freeslot if it is open after being scored",owner to mark accept or reject; the post-grid effects CSV carries the restated version,random potential effects.csv cell 5-7
combo,raw idea,proposed,no acceptance mark exists in this file - it is an unsorted brainstorm sheet,,,,,"combo: during scoring, cards gain temporary points equal to the hand they were scored in",owner to mark accept or reject; the post-grid effects CSV carries the restated version,random potential effects.csv cell 5-8
connect 4,raw idea,proposed,no acceptance mark exists in this file - it is an unsorted brainstorm sheet,,,,,connect 4,owner to mark accept or reject; the post-grid effects CSV carries the restated version,random potential effects.csv cell 5-18
gold cards act as money,raw idea,proposed,no acceptance mark exists in this file - it is an unsorted brainstorm sheet,,,,,gold cards act as money,owner to mark accept or reject; the post-grid effects CSV carries the restated version,random potential effects.csv cell 6-3
whenever a card triggers its effect,raw idea,proposed,no acceptance mark exists in this file - it is an unsorted brainstorm sheet,,,,,"whenever a card triggers its effect, gain a point",owner to mark accept or reject; the post-grid effects CSV carries the restated version,random potential effects.csv cell 6-6
tunneler,raw idea,proposed,no acceptance mark exists in this file - it is an unsorted brainstorm sheet,grid-local,h,yes,1,"tunneler, single cards placed on this card will move to bottom of stack",owner to mark accept or reject; the post-grid effects CSV carries the restated version,random potential effects.csv cell 6-7
noble family,raw idea,proposed,no acceptance mark exists in this file - it is an unsorted brainstorm sheet,grid-local,line,no,1,noble family: each scored face card increases points of next scored face card by 1,owner to mark accept or reject; the post-grid effects CSV carries the restated version,random potential effects.csv cell 6-8
fishing,raw idea,proposed,no acceptance mark exists in this file - it is an unsorted brainstorm sheet,global,deck,no,1,"fishing, put this card over the deck to trigger fishing minigame to get card from deck",owner to mark accept or reject; the post-grid effects CSV carries the restated version,random potential effects.csv cell 6-18
tsunami card washes from the bottom upward lowering max card,raw idea,proposed,no acceptance mark exists in this file - it is an unsorted brainstorm sheet,,,,,tsunami card washes from the bottom upward lowering max card stack count and recedes,owner to mark accept or reject; the post-grid effects CSV carries the restated version,random potential effects.csv cell 6-19
col card,raw idea,proposed,no acceptance mark exists in this file - it is an unsorted brainstorm sheet,,,,,"col card, give points to column on score",owner to mark accept or reject; the post-grid effects CSV carries the restated version,random potential effects.csv cell 7-3
blackjack,raw idea,proposed,no acceptance mark exists in this file - it is an unsorted brainstorm sheet,,,,,blackjack,owner to mark accept or reject; the post-grid effects CSV carries the restated version,random potential effects.csv cell 7-6
turntable,raw idea,proposed,no acceptance mark exists in this file - it is an unsorted brainstorm sheet,grid-local,grid,no,1,turntable: flip entire board vertically,owner to mark accept or reject; the post-grid effects CSV carries the restated version,random potential effects.csv cell 7-7
row card,raw idea,proposed,no acceptance mark exists in this file - it is an unsorted brainstorm sheet,grid-local,x,no,1,"row card, give points to row on score",owner to mark accept or reject; the post-grid effects CSV carries the restated version,random potential effects.csv cell 8-3
on submit score the input cards too,raw idea,proposed,no acceptance mark exists in this file - it is an unsorted brainstorm sheet,,,,,on submit score the input cards too,owner to mark accept or reject; the post-grid effects CSV carries the restated version,random potential effects.csv cell 8-6
fema mode,raw idea,proposed,no acceptance mark exists in this file - it is an unsorted brainstorm sheet,global,none,no,1,fema mode: after number of weather cards disaster relief becomes available,owner to mark accept or reject; the post-grid effects CSV carries the restated version,random potential effects.csv cell 8-19
earthquake card,raw idea,proposed,no acceptance mark exists in this file - it is an unsorted brainstorm sheet,,,,,earthquake card: board is scrambled,owner to mark accept or reject; the post-grid effects CSV carries the restated version,random potential effects.csv cell 10-19
tornado card,raw idea,proposed,no acceptance mark exists in this file - it is an unsorted brainstorm sheet,,,,,tornado card: 1x1 area or scaling area based on tornado scale if that card is played its random,owner to mark accept or reject; the post-grid effects CSV carries the restated version,random potential effects.csv cell 12-19
eruption,raw idea,proposed,no acceptance mark exists in this file - it is an unsorted brainstorm sheet,grid-local,grid,no,1,eruption: cards receive burned effect in an expanding snake and you are fricked because there is no counter to volcanic eruptions,owner to mark accept or reject; the post-grid effects CSV carries the restated version,random potential effects.csv cell 14-19
monopoly,raw idea,proposed,no acceptance mark exists in this file - it is an unsorted brainstorm sheet,,,,,monopoly: playing flush fives of a card removes that card from future generation,owner to mark accept or reject; the post-grid effects CSV carries the restated version,random potential effects.csv cell 16-19
fire,raw idea,proposed,no acceptance mark exists in this file - it is an unsorted brainstorm sheet,,,,,fire: spreads to some kind of wood-esque card but gets blocked by roads (so some other kind of card),owner to mark accept or reject; the post-grid effects CSV carries the restated version,random potential effects.csv cell 17-19
windy day,raw idea,proposed,no acceptance mark exists in this file - it is an unsorted brainstorm sheet,grid-local,grid,no,1,windy day: you dropped your cards because its too windy so cards randomly shift over 1 row/col (edited),owner to mark accept or reject; the post-grid effects CSV carries the restated version,random potential effects.csv cell 19-19
mini metro gamemode,raw idea,proposed,no acceptance mark exists in this file - it is an unsorted brainstorm sheet,,,,,"mini metro gamemode: existing end of straights now become metro stations, with straights being the lines, and must serve passengers over n turns (edited)",owner to mark accept or reject; the post-grid effects CSV carries the restated version,random potential effects.csv cell 21-19
yinan — Today at 10,raw idea,proposed,no acceptance mark exists in this file - it is an unsorted brainstorm sheet,,,,,yinan — Today at 10:20 PM,owner to mark accept or reject; the post-grid effects CSV carries the restated version,random potential effects.csv cell 23-19
boss,raw idea,proposed,no acceptance mark exists in this file - it is an unsorted brainstorm sheet,,,,,boss: a boss appears you must defeat either with specific hands or just points dmg and it slowly breathes fire on your actual score,owner to mark accept or reject; the post-grid effects CSV carries the restated version,random potential effects.csv cell 24-19
vampire survivors,raw idea,proposed,no acceptance mark exists in this file - it is an unsorted brainstorm sheet,,,,,"vampire survivors: vampires begin eating cards at the edge, eating in n turns and you have to play all of them to remove",owner to mark accept or reject; the post-grid effects CSV carries the restated version,random potential effects.csv cell 26-19
amogus,raw idea,proposed,no acceptance mark exists in this file - it is an unsorted brainstorm sheet,,,,,"amogus: a card is fake, when played lose score, but the card will not follow rules on certain turns, find card to remove (edited)",owner to mark accept or reject; the post-grid effects CSV carries the restated version,random potential effects.csv cell 28-19
5d card with multiverse time travel,raw idea,proposed,no acceptance mark exists in this file - it is an unsorted brainstorm sheet,,,,,5d card with multiverse time travel: send a card into the past and play that board until to the present where the timelines clash and only differences remain,owner to mark accept or reject; the post-grid effects CSV carries the restated version,random potential effects.csv cell 30-19
Harlequin pip,recommendation,proposed,"agent proposal, no owner mark recorded",grid-local,line,no,1,Dual-suit: counts as two suits at once,owner to mark accept or reject,DESIGN_RECOMMENDATIONS.md:103
The Gaff,recommendation,proposed,"agent proposal, no owner mark recorded",grid-local,cell,no,1,"Wild pip that *pretends*: shows a fixed rank/suit until scored, then reveals its true random value",owner to mark accept or reject,DESIGN_RECOMMENDATIONS.md:104
Half-step rank,recommendation,proposed,"agent proposal, no owner mark recorded",grid-local,h,yes,1,"Rank 5½ etc. — stacks between 5 and 6, never melds",owner to mark accept or reject,DESIGN_RECOMMENDATIONS.md:105
The Fifteen,recommendation,proposed,"agent proposal, no owner mark recorded",,,,,"This card also melds with any neighbors summing to 15 (cribbage rule, per your abandoned v1 scoring)",owner to mark accept or reject,DESIGN_RECOMMENDATIONS.md:106
Roman numeral rank,recommendation,proposed,"agent proposal, no owner mark recorded",grid-local,none,no,1,Cosmetic rank skin; melds normally,owner to mark accept or reject,DESIGN_RECOMMENDATIONS.md:107
The Blank,recommendation,proposed,"agent proposal, no owner mark recorded",,,,,"No rank, no suit; stacks on anything, anything stacks on it; scores 0",owner to mark accept or reject,DESIGN_RECOMMENDATIONS.md:108
Canvas,recommendation,proposed,"agent proposal, no owner mark recorded",,,,,Sturdy default for circus-born cards (upgrade of Paper),owner to mark accept or reject,DESIGN_RECOMMENDATIONS.md:118
Sawdust,recommendation,proposed,"agent proposal, no owner mark recorded",,,,,"When discarded, leaves a ""sawdust"" marker on its board slot; next card placed there gets +points",owner to mark accept or reject,DESIGN_RECOMMENDATIONS.md:119
Rosin,recommendation,proposed,"agent proposal, no owner mark recorded",,,,,Sticky: cards placed on it cannot be picked up again (but score +1 ring deeper),owner to mark accept or reject,DESIGN_RECOMMENDATIONS.md:120
Tintype,recommendation,proposed,"agent proposal, no owner mark recorded",,,,,"Photograph card: on acquisition, permanently copies the pips of the card it was created from",owner to mark accept or reject,DESIGN_RECOMMENDATIONS.md:121
Lithograph,recommendation,proposed,"agent proposal, no owner mark recorded",,,,,"Poster card: while in the Entrance (not the Ring), broadcasts its skill globally",owner to mark accept or reject,DESIGN_RECOMMENDATIONS.md:122
Glass,recommendation,proposed,"agent proposal, no owner mark recorded",,,,,Double points when scored; shatters (destroyed) after 3 scores,owner to mark accept or reject,DESIGN_RECOMMENDATIONS.md:123
Wax,recommendation,proposed,"agent proposal, no owner mark recorded",,,,,Melts near Flames: rank slowly decreases each show it shares a column with a Flame card,owner to mark accept or reject,DESIGN_RECOMMENDATIONS.md:124
Ticket Stub,recommendation,proposed,"agent proposal, no owner mark recorded",,,,,Consumed as currency at shops for a discount; worthless in the Ring,owner to mark accept or reject,DESIGN_RECOMMENDATIONS.md:125
Flash,recommendation,proposed,"agent proposal, no owner mark recorded",,,,,"Scores triple but only ever once per show, the first time it would score",owner to mark accept or reject,DESIGN_RECOMMENDATIONS.md:126
Spangle,recommendation,proposed,"agent proposal, no owner mark recorded",,,,,+1 combo when this card is part of any meld,owner to mark accept or reject,DESIGN_RECOMMENDATIONS.md:136
Greasepaint,recommendation,proposed,"agent proposal, no owner mark recorded",,,,,This card counts as a Clown (class) in addition to its own class,owner to mark accept or reject,DESIGN_RECOMMENDATIONS.md:137
Top Billing,recommendation,proposed,"agent proposal, no owner mark recorded",,,,,This card always scores first in its meld (trigger-order control),owner to mark accept or reject,DESIGN_RECOMMENDATIONS.md:138
Understudy,recommendation,proposed,"agent proposal, no owner mark recorded",,,,,"If the card above it in the stack is destroyed/consumed, this card copies its skill",owner to mark accept or reject,DESIGN_RECOMMENDATIONS.md:139
Lloyd's Policy,recommendation,proposed,"agent proposal, no owner mark recorded",,,,,"The first time this card would be destroyed or debuffed, prevent it",owner to mark accept or reject,DESIGN_RECOMMENDATIONS.md:140
Ghost Light,recommendation,proposed,"agent proposal, no owner mark recorded",,,,,Does not block the Spotlight of cards beneath it,owner to mark accept or reject,DESIGN_RECOMMENDATIONS.md:141
The Encore,recommendation,proposed,"agent proposal, no owner mark recorded",,,,,"If this card's skill triggered this show, 50% chance it triggers once more at show end",owner to mark accept or reject,DESIGN_RECOMMENDATIONS.md:142
Contract Ink,recommendation,proposed,"agent proposal, no owner mark recorded",,,,,+X points per show it's played; leaves the troupe (deck) if benched two shows in a row,owner to mark accept or reject,DESIGN_RECOMMENDATIONS.md:143
Brass Check,recommendation,proposed,"agent proposal, no owner mark recorded",,,,,"On trigger, mint a Gold card to the top of the deck",owner to mark accept or reject,DESIGN_RECOMMENDATIONS.md:144
The Egress,recommendation,proposed,"agent proposal, no owner mark recorded",grid-local,cell,no,1,"Cue: send any card on the board straight to the discard, gain 1 Ticket Stub",owner to mark accept or reject,DESIGN_RECOMMENDATIONS.md:156
Humbug,recommendation,proposed,"agent proposal, no owner mark recorded",grid-local,x,yes,1,Counts as a copy of the most valuable card in the same row while covered; reveals as junk (rank 2) when spotlit,owner to mark accept or reject,DESIGN_RECOMMENDATIONS.md:157
White Elephant,recommendation,proposed,"agent proposal, no owner mark recorded",global,deck,no,1,"Huge points when scored, but each show it stays in your deck, eat 1 Gold card",owner to mark accept or reject,DESIGN_RECOMMENDATIONS.md:158
The Red Wagon,recommendation,proposed,"agent proposal, no owner mark recorded",global,y,no,1,All Gold cards in the deck count toward every column run as wildcards while this is spotlit,owner to mark accept or reject,DESIGN_RECOMMENDATIONS.md:159
Pink Lemonade,recommendation,proposed,"agent proposal, no owner mark recorded",grid-local,x,no,1,"When a Flames card and a Concessions card score in the same row, +bonus and draw 1",owner to mark accept or reject,DESIGN_RECOMMENDATIONS.md:160
Metamorphosis,recommendation,proposed,"agent proposal, no owner mark recorded",grid-local,x,no,2+,Cue: swap this card with any card in the draw deck (seen or unseen),owner to mark accept or reject,DESIGN_RECOMMENDATIONS.md:166
The Bullet Catch,recommendation,proposed,"agent proposal, no owner mark recorded",grid-local,cell,no,1,Score = 10× rank when scored in the Spotlight; 1-in-13 chance it is destroyed instead,owner to mark accept or reject,DESIGN_RECOMMENDATIONS.md:167
Sawing in Half,recommendation,proposed,"agent proposal, no owner mark recorded",grid-local,cell,no,1,"Cue: split a card into two cards of half rank (rounded up/down), same suit",owner to mark accept or reject,DESIGN_RECOMMENDATIONS.md:168
Misdirection,recommendation,proposed,"agent proposal, no owner mark recorded",grid-local,x,no,1,"While spotlit, the leftmost covered card in each adjacent column is also spotlit",owner to mark accept or reject,DESIGN_RECOMMENDATIONS.md:169
Clown Car,recommendation,proposed,"agent proposal, no owner mark recorded",grid-local,y,no,1,"On Next: draw an extra card into this card's column, +1 more per Clown scored last submit",owner to mark accept or reject,DESIGN_RECOMMENDATIONS.md:175
Slapstick,recommendation,proposed,"agent proposal, no owner mark recorded",grid-local,x,no,1,Cue: swap the ranks of this card and one adjacent card,owner to mark accept or reject,DESIGN_RECOMMENDATIONS.md:176
Custard Pie,recommendation,proposed,"agent proposal, no owner mark recorded",grid-local,x,no,1,"Throw (cue): target card's suit becomes Balls; if that completes a flush row, +mult",owner to mark accept or reject,DESIGN_RECOMMENDATIONS.md:177
Weary Willie,recommendation,proposed,"agent proposal, no owner mark recorded",grid-local,cell,no,1,Gains +1 rank permanently every time one of your cards is destroyed or a show is failed,owner to mark accept or reject,DESIGN_RECOMMENDATIONS.md:178
The Leotard,recommendation,proposed,"agent proposal, no owner mark recorded",grid-local,h,yes,1,Cue: move this card and everything above it to any column (legal or not),owner to mark accept or reject,DESIGN_RECOMMENDATIONS.md:184
Blondin's Crossing,recommendation,proposed,"agent proposal, no owner mark recorded",grid-local,x,no,2+,"Once per show: move an entire row one column left or right, wrapping",owner to mark accept or reject,DESIGN_RECOMMENDATIONS.md:185
The Triple,recommendation,proposed,"agent proposal, no owner mark recorded",grid-local,x,no,1,"If this card ends a run of exactly 3 that was assembled this turn, score it 3×",owner to mark accept or reject,DESIGN_RECOMMENDATIONS.md:186
Human Cannonball,recommendation,proposed,"agent proposal, no owner mark recorded",grid-local,x,yes,2+,Cue: fire the bottom card of any column to the top of another column,owner to mark accept or reject,DESIGN_RECOMMENDATIONS.md:187
Jumbo,recommendation,proposed,"agent proposal, no owner mark recorded",grid-local,h,yes,1,Heavy. Cards cannot be placed on Jumbo; Jumbo can be placed on anything; +points per card beneath it when scored,owner to mark accept or reject,DESIGN_RECOMMENDATIONS.md:193
Flea Circus,recommendation,proposed,"agent proposal, no owner mark recorded",grid-local,line,no,1,Scores as if it were 5 cards of rank 1 for combo-counting purposes,owner to mark accept or reject,DESIGN_RECOMMENDATIONS.md:194
Liberty Horses,recommendation,proposed,"agent proposal, no owner mark recorded",global,x,no,1,"On Next, all Horse... all Animal-tagged cards in the Entrance rearrange themselves into ascending order",owner to mark accept or reject,DESIGN_RECOMMENDATIONS.md:195
Mabel's Tigers,recommendation,proposed,"agent proposal, no owner mark recorded",grid-local,cell,yes,1,Consumes the card it's dropped on (like Gluttony) but ONLY prop cards; +rank each meal,owner to mark accept or reject,DESIGN_RECOMMENDATIONS.md:196
Straitjacket,recommendation,proposed,"agent proposal, no owner mark recorded",grid-local,cell,no,1,Starts each show unable to be moved; frees itself (and +points) when its column scores,owner to mark accept or reject,DESIGN_RECOMMENDATIONS.md:202
Milk Can,recommendation,proposed,"agent proposal, no owner mark recorded",grid-local,cell,no,1,Place a card inside (cue); it's out of play; retrieve it any later turn,owner to mark accept or reject,DESIGN_RECOMMENDATIONS.md:203
Wall of Death,recommendation,proposed,"agent proposal, no owner mark recorded",grid-local,y,no,1,Adjacent columns score +mult but cards there take 1 Exhaust debuff per show,owner to mark accept or reject,DESIGN_RECOMMENDATIONS.md:204
The Séance Buster,recommendation,proposed,"agent proposal, no owner mark recorded",,,,,Reveals all Gaff/Humbug/fake cards on the board; +points per fake revealed,owner to mark accept or reject,DESIGN_RECOMMENDATIONS.md:205
The Tarot Reading,recommendation,proposed,"agent proposal, no owner mark recorded",global,deck,no,1,"Cue: look at the top 5 cards of the deck, reorder them",owner to mark accept or reject,DESIGN_RECOMMENDATIONS.md:211
Madame Zora's Eye,recommendation,proposed,"agent proposal, no owner mark recorded",global,deck,no,1,The next-drawn card is always visible above the deck slot,owner to mark accept or reject,DESIGN_RECOMMENDATIONS.md:212
The Major Arcana,recommendation,proposed,"agent proposal, no owner mark recorded",global,deck,no,1,Legendary (series),owner to mark accept or reject,DESIGN_RECOMMENDATIONS.md:213
Calliope,recommendation,proposed,"agent proposal, no owner mark recorded",,,,,+combo for every DIFFERENT class that scored this submit,owner to mark accept or reject,DESIGN_RECOMMENDATIONS.md:219
Grand Spec,recommendation,proposed,"agent proposal, no owner mark recorded",grid-local,grid,no,1,"If all columns scored this submit, double the show's combo",owner to mark accept or reject,DESIGN_RECOMMENDATIONS.md:220
Drumroll,recommendation,proposed,"agent proposal, no owner mark recorded",grid-local,line,no,1,The last meld scored this submit gets +mult,owner to mark accept or reject,DESIGN_RECOMMENDATIONS.md:221
Fairy Floss,recommendation,proposed,"agent proposal, no owner mark recorded",grid-local,x,no,1,"When scored, sweeten adjacent cards: +1 rank this show",owner to mark accept or reject,DESIGN_RECOMMENDATIONS.md:227
The Grease Joint,recommendation,proposed,"agent proposal, no owner mark recorded",global,deck,no,1,"At show start, feed the bottom card of the deck to the discard; draw 1",owner to mark accept or reject,DESIGN_RECOMMENDATIONS.md:228
Peanut Pitch,recommendation,proposed,"agent proposal, no owner mark recorded",grid-local,cell,no,1,"Cue (3 charges): +points to any one card, thrown from anywhere",owner to mark accept or reject,DESIGN_RECOMMENDATIONS.md:229
Mud Show,recommendation,proposed,"agent proposal, no owner mark recorded",global,none,no,1,Movement tax: picking up any stack costs 1 discard,owner to mark accept or reject,DESIGN_RECOMMENDATIONS.md:263
The Fire Marshal,recommendation,proposed,"agent proposal, no owner mark recorded",,,,,Flames-suit cards cannot score; Flames in deck become Wax,owner to mark accept or reject,DESIGN_RECOMMENDATIONS.md:264
Temperance Town,recommendation,proposed,"agent proposal, no owner mark recorded",,,,,Concessions class disabled; shop prices doubled,owner to mark accept or reject,DESIGN_RECOMMENDATIONS.md:265
Lot Lice,recommendation,proposed,"agent proposal, no owner mark recorded",,,,,Your first submit each show scores 0 fame (they watched free),owner to mark accept or reject,DESIGN_RECOMMENDATIONS.md:267
The White Elephant War,recommendation,proposed,"agent proposal, no owner mark recorded",global,deck,no,1,"A rival gifts you a White Elephant card: huge points, drains gold. Take it or insult them (next Rival Show is harder)",owner to mark accept or reject,DESIGN_RECOMMENDATIONS.md:291
The Egress,recommendation,proposed,"agent proposal, no owner mark recorded",grid-local,cell,no,1,"A mysterious sign. Follow it: skip this node entirely (no reward, no risk)",owner to mark accept or reject,DESIGN_RECOMMENDATIONS.md:292
First of May,recommendation,proposed,"agent proposal, no owner mark recorded",global,deck,no,1,A rookie joins: gain a random Common with a hidden growth condition (upgrades if it scores 10 times),owner to mark accept or reject,DESIGN_RECOMMENDATIONS.md:293
Cutting Up Jackpots,recommendation,proposed,"agent proposal, no owner mark recorded",global,deck,no,1,Old troupers swap tall tales: reroll any one card in your deck into another of the same class,owner to mark accept or reject,DESIGN_RECOMMENDATIONS.md:294
Cherry Pie,recommendation,proposed,"agent proposal, no owner mark recorded",global,deck,no,1,"Extra work for extra pay: take a debuff card for this show, gain gold cards",owner to mark accept or reject,DESIGN_RECOMMENDATIONS.md:295
The Museum of Humbugs,recommendation,proposed,"agent proposal, no owner mark recorded",global,deck,no,1,Buy a Gaff card cheap — it MIGHT be real (small chance it's actually a Legendary),owner to mark accept or reject,DESIGN_RECOMMENDATIONS.md:296
Séance Night,recommendation,proposed,"agent proposal, no owner mark recorded",,,,,Houdini-style challenge: expose the fake (pick the Gaff out of 3 face-down cards) for a reward,owner to mark accept or reject,DESIGN_RECOMMENDATIONS.md:297
The Pie Car,recommendation,proposed,"agent proposal, no owner mark recorded",global,deck,no,1,"Rest node: heal one debuff, or gamble at the crew's card game (Three-Card Monte — obviously rigged, tiny chance of big win)",owner to mark accept or reject,DESIGN_RECOMMENDATIONS.md:298
